Club,Country,League,Player Names,Year,Above expectation,convertion rate of shots on target,convertion rate of total shots,Goals,Goals/xG,Matches Played,Mins,On Target,On Target Per Avg Match,onTarget/Shots per game,Shots,Shots Per Avg Match,Substitution,X G,xG Per Avg Match,xG<goals
(RMA),Spain,La Liga,Karim Benzema,2018,met expectation,0.477272727,0.201923077,21,1.202749141,35,3072,44,1.36,0.423076923,104,3.22,1,17.46,0.54,Positive
(VAL),Spain,La Liga,Maxi Gomez,2018,met expectation,0.464285714,0.158536585,13,1.00619195,33,3148,28,0.84,0.341463415,82,2.47,2,12.92,0.39,Positive
(CEL),Spain,La Liga,Iago Aspas,2018,met expectation,0.625,0.289855072,20,1.603849238,26,2369,32,1.28,0.463768116,69,2.77,1,12.47,0.5,Positive
(GET),Spain,La Liga,Jaime Mata,2018,met expectation,0.56,0.237288136,14,1.125401929,27,2569,25,0.92,0.423728814,59,2.18,7,12.44,0.46,Positive
(BIL),Spain,La Liga,Inaki Williams,2018,Not met expectation,0.363636364,0.16,12,0.883002208,36,3148,33,1.0,0.44,75,2.26,2,13.59,0.41,Negative
(GIR),Spain,La Liga,Cristhian Stuani,2018,met expectation,0.487179487,0.246753247,19,1.153612629,30,2897,39,1.28,0.506493506,77,2.53,2,16.47,0.54,Positive
(OSA),Spain,La Liga,Chimy Avila,2018,met expectation,0.416666667,0.113636364,10,1.31061599,20,2131,24,1.07,0.272727273,88,3.92,14,7.63,0.34,Positive
(ESP),Spain,La Liga,Raul de Tomas,2018,Not met expectation,0.29787234,0.12173913,14,0.863131936,32,2964,47,1.51,0.408695652,115,3.69,1,16.22,0.52,Negative
(ATL),Spain,La Liga,Luis Suarez,2018,Not met expectation,0.362068966,0.1875,21,0.844051447,31,2954,58,1.87,0.517857143,112,3.6,2,24.88,0.8,Negative
(LEV),Spain,La Liga,Roger,2018,Not met expectation,0.433333333,0.183098592,13,0.921985816,23,1999,30,1.43,0.422535211,71,3.37,8,14.1,0.67,Negative
(SOC),Spain,La Liga,Willian Jose,2018,met expectation,0.461538462,0.218181818,12,1.025641026,28,2471,26,1.0,0.472727273,55,2.11,3,11.7,0.45,Positive
(PSG),Spain,La Liga,Pablo Sarabia,2018,met expectation,0.419354839,0.173333333,13,1.100762066,30,2877,31,1.02,0.413333333,75,2.48,3,11.81,0.39,Positive
(SOC),Spain,La Liga,Mikel Oyarzabal,2018,met expectation,0.464285714,0.196969697,13,1.169064748,36,3300,28,0.81,0.424242424,66,1.9,1,11.12,0.32,Positive
(BAR),Spain,La Liga,Antoine Griezmann,2018,met expectation,0.333333333,0.132743363,15,1.038062284,37,3349,45,1.28,0.398230088,113,3.21,0,14.45,0.41,Positive
(BET),Spain,La Liga,Borja Iglesias,2018,met expectation,0.447368421,0.188888889,17,1.036585366,35,3246,38,1.11,0.422222222,90,2.63,2,16.4,0.48,Positive
(BAR),Spain,La Liga,Lionel Messi,2018,met expectation,0.413793103,0.211764706,36,1.412318556,29,2849,87,2.9,0.511764706,170,5.67,5,25.49,0.85,Positive
(GRA),Spain,La Liga,Jorge Molina,2018,met expectation,0.608695652,0.245614035,14,1.241134752,28,2819,23,0.78,0.403508772,57,1.92,10,11.28,0.38,Positive
,Spain,La Liga,Charles,2018,met expectation,0.466666667,0.222222222,14,1.006470165,17,1861,30,1.53,0.476190476,63,3.22,17,13.91,0.71,Positive
(MON),Spain,La Liga,Wissam Ben Yedder,2018,met expectation,0.5,0.236842105,18,1.045296167,31,2975,36,1.15,0.473684211,76,2.43,4,17.22,0.55,Positive
(LEV),Spain,La Liga,Morales,2018,Not met expectation,0.363636364,0.184615385,12,0.887573964,35,3381,33,0.93,0.507692308,65,1.83,2,13.52,0.38,Negative
(NAP),Italy,Serie A,Arkadiusz Milik,2018,met expectation,0.333333333,0.153153153,17,1.370967742,27,2560,51,1.89,0.459459459,111,4.12,8,12.4,0.46,Positive
(ATA),Italy,Serie A,Duvan Zapata,2018,met expectation,0.46,0.194915254,23,1.251360174,32,3064,50,1.55,0.423728814,118,3.66,5,18.38,0.57,Positive
(NAP),Italy,Serie A,Lorenzo Insigne,2018,met expectation,0.27027027,0.083333333,10,1.083423619,24,2191,37,1.6,0.308333333,120,5.2,4,9.23,0.4,Positive
(JUV),Italy,Serie A,Cristiano Ronaldo,2018,Not met expectation,0.308823529,0.118644068,21,0.969976905,30,2857,68,2.26,0.384180791,177,5.89,1,21.65,0.72,Negative
(LAZ),Italy,Serie A,Ciro Immobile,2018,Not met expectation,0.306122449,0.120967742,15,0.954805856,31,3046,49,1.53,0.39516129,124,3.87,5,15.71,0.49,Negative
(TOR),Italy,Serie A,Andrea Belotti,2018,Not met expectation,0.319148936,0.12,15,0.938086304,37,3533,47,1.26,0.376,125,3.36,0,15.99,0.43,Negative
(SAM),Italy,Serie A,Fabio Quagliarella,2018,met expectation,0.456140351,0.184397163,26,1.127493495,37,3269,57,1.66,0.404255319,141,4.1,0,23.06,0.67,Positive
Mario,Italy,Serie A,Mandzukic None,2018,met expectation,0.529411765,0.290322581,9,1.386748844,23,2125,17,0.76,0.548387097,31,1.39,2,6.49,0.29,Positive
(ROM),Italy,Serie A,Edin Dzeko,2018,Not met expectation,0.18,0.06870229,9,0.663716814,28,2741,50,1.73,0.381679389,131,4.54,5,13.56,0.47,Negative
(NAP),Italy,Serie A,Andrea Petagna,2018,met expectation,0.390243902,0.179775281,16,1.251956182,35,3196,41,1.22,0.460674157,89,2.65,1,12.78,0.38,Positive
(PAR),Italy,Serie A,Roberto Inglese,2018,met expectation,0.428571429,0.191489362,9,1.145038168,23,2075,21,0.96,0.446808511,47,2.15,2,7.86,0.36,Positive
(ATA),Italy,Serie A,Josip Ilicic,2018,met expectation,0.315789474,0.118811881,12,1.291711518,23,2262,38,1.6,0.376237624,101,4.24,8,9.29,0.39,Positive
(SAS),Italy,Serie A,Francesco Caputo,2018,Not met expectation,0.372093023,0.166666667,16,0.99378882,38,3641,43,1.12,0.447916667,96,2.5,0,16.1,0.42,Negative
(CAG),Italy,Serie A,Leonardo Pavoletti,2018,met expectation,0.484848485,0.19047619,16,1.454545455,31,2903,33,1.08,0.392857143,84,2.75,1,11.0,0.36,Positive
(SAS),Italy,Serie A,Gregoire Defrel,2018,met expectation,0.47826087,0.234042553,11,1.325301205,26,2388,23,0.91,0.489361702,47,1.87,10,8.3,0.33,Positive
(NAP),Italy,Serie A,Dries Mertens,2018,met expectation,0.41025641,0.179775281,16,1.534036433,23,2416,39,1.53,0.438202247,89,3.5,12,10.43,0.41,Positive
,Italy,Serie A,Stephan El Shaarawy,2018,met expectation,0.366666667,0.157142857,11,1.523545706,23,2213,30,1.29,0.428571429,70,3.0,5,7.22,0.31,Positive
(PAR),Italy,Serie A,Gervinho,2018,met expectation,0.578947368,0.25,11,1.591895803,27,2430,19,0.74,0.431818182,44,1.72,3,6.91,0.27,Positive
(PSG),Italy,Serie A,Mauro Icardi,2018,Not met expectation,0.379310345,0.150684932,11,0.740242261,24,2314,29,1.19,0.397260274,73,3.0,5,14.86,0.61,Negative
(BSC),Italy,Serie A,Krzysztof Piatek,2018,met expectation,0.442307692,0.194915254,23,1.334881021,34,3147,52,1.57,0.440677966,118,3.56,3,17.23,0.52,Positive
(HOF),Germany,Bundesliga,Andrej Kramaric,2018,Not met expectation,0.372093023,0.145454545,16,0.823892894,28,2527,43,1.62,0.390909091,110,4.14,2,19.42,0.73,Negative
(BMG),Germany,Bundesliga,Alassane Plea,2018,met expectation,0.292682927,0.144578313,12,1.063829787,28,2613,41,1.49,0.493975904,83,3.02,6,11.28,0.41,Positive
(CHE),Germany,Bundesliga,Kai Havertz,2018,met expectation,0.380952381,0.183908046,16,1.432408236,33,3033,42,1.32,0.482758621,87,2.73,1,11.17,0.35,Positive
(RMA),Germany,Bundesliga,Luka Jovic,2018,met expectation,0.404761905,0.175257732,17,1.203966006,25,2353,42,1.7,0.432989691,97,3.92,7,14.12,0.57,Positive
(ACM),Germany,Bundesliga,Ante Rebic,2018,met expectation,0.392857143,0.180327869,11,1.199563795,23,2075,28,1.28,0.459016393,61,2.79,5,9.17,0.42,Positive
(DOR),Germany,Bundesliga,Jadon Sancho,2018,met expectation,0.619047619,0.325,13,1.897810219,26,2602,21,0.77,0.525,40,1.46,8,6.85,0.25,Positive
(FCA),Germany,Bundesliga,Alfred Finnbogason,2018,Not met expectation,0.555555556,0.25,10,0.979431929,17,1385,18,1.23,0.45,40,2.74,1,10.21,0.7,Negative
(KOL),Germany,Bundesliga,Ondrej Duda,2018,met expectation,0.55,0.203703704,11,1.870748299,30,2661,20,0.71,0.37037037,54,1.93,2,5.88,0.21,Positive
(VIL),Germany,Bundesliga,Paco Alcacer,2018,met expectation,0.666666667,0.346153846,18,1.916932907,11,1312,27,1.96,0.519230769,52,3.77,15,9.39,0.68,Positive
(CHE),Germany,Bundesliga,Timo Werner,2018,met expectation,0.41025641,0.14953271,16,1.032924467,29,2582,39,1.43,0.364485981,107,3.94,1,15.49,0.57,Positive
(SCH),Germany,Bundesliga,Benito Raman,2018,met expectation,0.384615385,0.181818182,10,1.615508885,19,1781,26,1.39,0.472727273,55,2.93,11,6.19,0.33,Positive
(MON),Germany,Bundesliga,Kevin Volland,2018,met expectation,0.325581395,0.16091954,14,1.129032258,32,2945,43,1.39,0.494252874,87,2.81,2,12.4,0.4,Positive
(WOB),Germany,Bundesliga,Wout Weghorst,2018,met expectation,0.5,0.232876712,17,1.055245189,33,3061,34,1.06,0.465753425,73,2.27,1,16.11,0.5,Positive
(HOF),Germany,Bundesliga,Ishak Belfodil,2018,met expectation,0.5,0.204545455,18,1.775147929,20,1965,36,1.74,0.409090909,88,4.25,8,10.14,0.49,Positive
(DOR),Germany,Bundesliga,Marco Reus,2018,met expectation,0.515151515,0.246376812,17,1.277235162,27,2432,33,1.29,0.47826087,69,2.7,0,13.31,0.52,Positive
(MAI),Germany,Bundesliga,Jean-Philippe Mateta,2018,met expectation,0.411764706,0.144329897,14,1.195559351,29,2587,34,1.25,0.350515464,97,3.56,5,11.71,0.43,Positive
(WHU),Germany,Bundesliga,Sebastien Haller,2018,met expectation,0.576923077,0.277777778,15,1.23253903,23,2312,26,1.07,0.481481481,54,2.22,6,12.17,0.5,Positive
(UNB),Germany,Bundesliga,Max Kruse,2018,met expectation,0.275,0.120879121,11,1.171458999,32,2975,40,1.28,0.43956044,91,2.91,0,9.39,0.3,Positive
(BAY),Germany,Bundesliga,Robert Lewandowski,2018,Not met expectation,0.431372549,0.152777778,22,0.751622822,33,3090,51,1.57,0.354166667,144,4.43,0,29.27,0.9,Negative
(RBL),Germany,Bundesliga,Yussuf Poulsen,2018,met expectation,0.555555556,0.230769231,15,1.394052045,27,2556,27,1.0,0.415384615,65,2.42,4,10.76,0.4,Positive
(PSG),France,France Ligue 11,Angel Di Maria,2018,met expectation,0.4,0.12371134,12,1.149425287,28,2418,30,1.18,0.309278351,97,3.81,2,10.44,0.41,Positive
(BOR),France,France Ligue 20,Remi Oudin,2018,met expectation,0.416666667,0.128205128,10,1.293661061,32,2719,24,0.84,0.307692308,78,2.73,5,7.73,0.27,Positive
(ARS),France,France Ligue 2,Nicolas Pepe,2018,met expectation,0.366666667,0.186440678,22,1.09561753,37,3533,60,1.61,0.508474576,118,3.17,1,20.08,0.54,Positive
(CAE),France,France Ligue 12,Emiliano Sala,2018,met expectation,0.666666667,0.333333333,12,1.938610662,16,1434,18,1.19,0.5,36,2.38,3,6.19,0.41,Positive
(LIL),France,France Ligue 9,Jonathan Bamba,2018,met expectation,0.464285714,0.194029851,13,1.759133965,35,3190,28,0.83,0.417910448,67,2.0,3,7.39,0.22,Positive
(REN),France,France Ligue 15,M'Baye Niang,2018,met expectation,0.44,0.171875,11,1.478494624,19,1911,25,1.24,0.390625,64,3.18,10,7.44,0.37,Positive
(PSG),France,France Ligue 6,Neymar,2018,met expectation,0.6,0.277777778,15,1.18858954,16,1517,25,1.57,0.462962963,54,3.38,1,12.62,0.79,Positive
(MNU),France,France Ligue 3,Edinson Cavani,2018,met expectation,0.818181818,0.346153846,18,1.075911536,20,1747,22,1.2,0.423076923,52,2.83,1,16.73,0.91,Positive
(ANG),France,France Ligue 16,Stephane Bahoken,2018,met expectation,0.333333333,0.166666667,11,1.285046729,31,2541,33,1.23,0.5,66,2.47,1,8.56,0.32,Positive
(SIV),France,France Ligue 14,Max Gradel,2018,Not met expectation,0.261904762,0.091666667,11,0.758097864,36,3446,42,1.16,0.35,120,3.31,0,14.51,0.4,Negative
(MAR),France,France Ligue 4,Florian Thauvin,2018,met expectation,0.457142857,0.158415842,16,1.422222222,30,2741,35,1.21,0.346534653,101,3.5,3,11.25,0.39,Positive
(PSG),France,France Ligue 1,Kylian Mbappe-Lottin,2018,met expectation,0.471428571,0.264,33,1.058710298,24,2488,70,2.67,0.56,125,4.77,5,31.17,1.19,Positive
(STE),France,France Ligue 10,Wahbi Khazri,2018,met expectation,0.361111111,0.138297872,13,1.210428305,32,3000,36,1.14,0.382978723,94,2.98,0,10.74,0.34,Positive
(GAL),France,France Ligue 7,Falcao,2018,met expectation,0.365853659,0.159574468,15,1.055594652,29,2699,41,1.44,0.436170213,94,3.31,4,14.21,0.5,Positive
(MPE),France,France Ligue 13,Gaetan Laborde,2018,met expectation,0.407407407,0.127906977,11,1.289566237,36,3115,27,0.82,0.313953488,86,2.62,1,8.53,0.26,Positive
(MPE),France,France Ligue 8,Andy Delort,2018,met expectation,0.388888889,0.117647059,14,1.072796935,36,3263,36,1.05,0.302521008,119,3.46,0,13.05,0.38,Positive
(LYO),France,France Ligue 5,Moussa Dembele,2018,met expectation,0.384615385,0.166666667,15,1.017639077,21,2154,39,1.72,0.433333333,90,3.97,12,14.74,0.65,Positive
(LYO),France,France Ligue 19,Memphis Depay,2018,Not met expectation,0.256410256,0.090909091,10,0.744601638,29,2900,39,1.28,0.354545455,110,3.6,7,13.43,0.44,Negative
(STR),France,France Ligue 18,Lebo Mothiba,2018,met expectation,0.526315789,0.277777778,10,1.422475107,21,2154,19,0.84,0.527777778,36,1.59,14,7.03,0.31,Positive
(LOK),France,France Ligue 17,Francois Kamano,2018,met expectation,0.303030303,0.12195122,10,1.100110011,29,2698,33,1.16,0.402439024,82,2.89,8,9.09,0.32,Positive
(CRY),England,Premier League,Luka Milivojevic,2018,met expectation,0.5,0.210526316,12,1.076233184,38,3651,24,0.62,0.421052632,57,1.48,0,11.15,0.29,Positive
(BOU),England,Premier League,Joshua King,2018,Not met expectation,0.52173913,0.166666667,12,0.884955752,34,3143,23,0.7,0.319444444,72,2.18,1,13.56,0.41,Negative
(MNU),England,Premier League,Paul Pogba,2018,Not met expectation,0.265306122,0.123809524,13,0.81300813,34,3233,49,1.44,0.466666667,105,3.09,1,15.99,0.47,Negative
(LIV),England,Premier League,Mohamed Salah,2018,met expectation,0.349206349,0.160583942,22,1.073170732,37,3417,63,1.75,0.459854015,137,3.81,1,20.5,0.57,Positive
(BUR),England,Premier League,Ashley Barnes,2018,Not met expectation,0.4,0.184615385,12,0.905660377,26,2569,30,1.11,0.461538462,65,2.4,11,13.25,0.49,Negative
(WAT),England,Premier League,Glenn Murray,2018,met expectation,0.619047619,0.240740741,13,1.122625216,30,2684,21,0.74,0.388888889,54,1.91,8,11.58,0.41,Positive
(EVE),England,Premier League,Richarlison,2018,met expectation,0.5,0.168674699,14,1.178451178,32,2822,28,0.94,0.337349398,83,2.79,3,11.88,0.4,Positive
(LIV),England,Premier League,Sadio Mane,2018,met expectation,0.523809524,0.252873563,22,1.435094586,35,3236,42,1.23,0.482758621,87,2.55,1,15.33,0.45,Positive
(NEW),England,Premier League,Callum Wilson,2018,Not met expectation,0.482758621,0.215384615,14,0.960878518,29,2714,29,1.02,0.446153846,65,2.28,1,14.57,0.51,Negative
(TOT),England,Premier League,Son Heung-Min,2018,met expectation,0.413793103,0.162162162,12,1.709401709,23,2152,29,1.28,0.391891892,74,3.27,8,7.02,0.31,Positive
(TOT),England,Premier League,Harry Kane,2018,met expectation,0.369565217,0.166666667,17,1.098191214,27,2580,46,1.69,0.450980392,102,3.76,1,15.48,0.57,Positive
(MNC),England,Premier League,Sergio Aguero,2018,met expectation,0.488372093,0.177966102,21,1.079691517,31,2566,43,1.59,0.36440678,118,4.37,2,19.45,0.72,Positive
(RMA),England,Premier League,Eden Hazard,2018,met expectation,0.372093023,0.172043011,16,1.478743068,32,3115,43,1.31,0.462365591,93,2.84,5,10.82,0.33,Positive
(ARS),England,Premier League,Pierre-Emerick Aubameyang,2018,met expectation,0.564102564,0.234042553,22,1.0133579,30,2905,39,1.28,0.414893617,94,3.07,6,21.71,0.71,Positive
(EVE),England,Premier League,Gylfi Sigurdsson,2018,met expectation,0.393939394,0.151162791,13,1.169064748,36,3302,33,0.95,0.38372093,86,2.47,2,11.12,0.32,Positive
(MNC),England,Premier League,Raheem Sterling,2018,met expectation,0.447368421,0.220779221,17,1.198026779,31,2930,38,1.23,0.493506494,77,2.5,3,14.19,0.46,Positive
(LEI),England,Premier League,Jamie Vardy,2018,met expectation,0.473684211,0.227848101,18,1.021566402,30,2886,38,1.25,0.481012658,79,2.6,4,17.62,0.58,Positive
(LEI),England,Premier League,Ayoze Perez,2018,met expectation,0.444444444,0.218181818,12,1.53256705,34,3099,27,0.83,0.490909091,55,1.69,3,7.83,0.24,Positive
(ARS),England,Premier League,Alexandre Lacazette,2018,met expectation,0.5,0.172839506,14,1.215277778,27,2670,28,1.0,0.345679012,81,2.88,8,11.52,0.41,Positive
(WOL),England,Premier League,Raul Jimenez,2018,Not met expectation,0.393939394,0.117117117,13,0.817096166,36,3285,33,0.95,0.297297297,111,3.21,2,15.91,0.46,Negative
(LYO),Brazil,Campeonato Brasileiro SÃ©rie A,Lucas Paqueta,2018,met expectation,0.25,0.105263158,10,1.10619469,31,2962,40,1.28,0.421052632,95,3.05,1,9.04,0.29,Positive
(BEN),Brazil,Campeonato Brasileiro SÃ©rie A,Everton,2018,Not met expectation,0.236842105,0.102272727,9,0.714853058,24,2175,38,1.66,0.431818182,88,3.84,3,12.59,0.55,Negative
(COR),Brazil,Campeonato Brasileiro SÃ©rie A,Juan Cazares,2018,met expectation,0.444444444,0.121212121,8,1.388888889,25,2487,18,0.69,0.272727273,66,2.52,6,5.76,0.22,Positive
(ALA),Brazil,Campeonato Brasileiro SÃ©rie A,Deyverson,2018,met expectation,0.473684211,0.219512195,9,1.179554391,11,1367,19,1.32,0.463414634,41,2.85,15,7.63,0.53,Positive
(SAP),Brazil,Campeonato Brasileiro SÃ©rie A,Pablo,2018,met expectation,0.413793103,0.1875,12,1.096892139,30,2808,29,0.98,0.453125,64,2.17,3,10.94,0.37,Positive
,Brazil,Campeonato Brasileiro SÃ©rie A,Leandro Damiao,2018,Not met expectation,0.37037037,0.149253731,10,0.753012048,19,3236,27,0.79,0.402985075,67,1.97,7,13.28,0.39,Negative
(VDG),Brazil,Campeonato Brasileiro SÃ©rie A,Yago Pikachu,2018,Not met expectation,0.27027027,0.12987013,10,0.901713255,34,3192,37,1.1,0.480519481,77,2.29,1,11.09,0.33,Negative
(RMA),Brazil,Campeonato Brasileiro SÃ©rie A,Rodrygo,2018,Not met expectation,0.347826087,0.153846154,8,0.987654321,30,2850,23,0.77,0.442307692,52,1.73,5,8.1,0.27,Negative
(SJE),Brazil,Campeonato Brasileiro SÃ©rie A,Andres Rios,2018,Not met expectation,0.388888889,0.162790698,7,0.949796472,23,2188,18,0.78,0.418604651,43,1.87,5,7.37,0.32,Negative
,Brazil,Campeonato Brasileiro SÃ©rie A,Roger Guedes,2018,met expectation,0.45,0.214285714,9,1.465798046,11,1081,20,1.76,0.476190476,42,3.69,1,6.14,0.54,Positive
,Brazil,Campeonato Brasileiro SÃ©rie A,Leandro Pereira,2018,met expectation,0.333333333,0.1375,11,1.09670987,26,2575,33,1.22,0.4125,80,2.95,8,10.03,0.37,Positive
(GRE),Brazil,Campeonato Brasileiro SÃ©rie A,Diego Souza,2018,Not met expectation,0.523809524,0.215686275,11,0.962379703,32,4177,21,0.48,0.411764706,51,1.16,0,11.43,0.26,Negative
(FLA),Brazil,Campeonato Brasileiro SÃ©rie A,Pedro,2018,Not met expectation,0.5,0.160714286,9,0.992282249,19,1689,18,1.01,0.321428571,56,3.15,0,9.07,0.51,Negative
(TIG),Brazil,Campeonato Brasileiro SÃ©rie A,Nico Lupez,2018,met expectation,0.333333333,0.139240506,11,1.265822785,26,3931,33,0.8,0.417721519,79,1.91,9,8.69,0.21,Positive
(FLU),Brazil,Campeonato Brasileiro SÃ©rie A,Nene,2018,met expectation,0.4,0.137931034,8,1.068090788,29,2636,20,0.72,0.344827586,58,2.09,6,7.49,0.27,Positive
(CFC),Brazil,Campeonato Brasileiro SÃ©rie A,Ricardo Oliveira,2018,Not met expectation,0.317073171,0.141304348,13,0.779844031,35,3231,41,1.21,0.445652174,92,2.71,0,16.67,0.49,Negative
(BAH),Brazil,Campeonato Brasileiro SÃ©rie A,Gilberto,2018,met expectation,0.470588235,0.153846154,8,1.142857143,18,1623,17,1.0,0.326923077,52,3.04,3,7.0,0.41,Positive
Bruno,Brazil,Campeonato Brasileiro SÃ©rie A,Henrique,2018,met expectation,0.6,0.195652174,9,2.059496568,27,2595,15,0.55,0.326086957,46,1.68,6,4.37,0.16,Positive
(PAL),Brazil,Campeonato Brasileiro SÃ©rie A,Willian,2018,Not met expectation,0.344827586,0.151515152,10,0.980392157,21,2153,29,1.28,0.439393939,66,2.91,11,10.2,0.45,Negative
(FLA),Brazil,Campeonato Brasileiro SÃ©rie A,Gabriel Barbosa,2018,Not met expectation,0.45,0.191489362,18,0.938967136,34,3140,40,1.21,0.425531915,94,2.84,1,19.17,0.58,Negative
(LAF),USA,MLS,Diego Rossi,2019,met expectation,0.34,0.150442478,17,1.408450704,35,3277,50,1.45,0.442477876,113,3.28,1,12.07,0.35,Positive
(ATA),USA,MLS,Josef Martinez,2019,met expectation,0.538461538,0.21875,28,1.118210863,32,3050,52,1.62,0.40625,128,3.99,0,25.04,0.78,Positive
(ACM),USA,MLS,Zlatan Ibrahimovic,2019,met expectation,0.462686567,0.194968553,31,1.36443662,31,2998,67,2.12,0.421383648,159,5.04,0,22.72,0.72,Positive
(SJE),USA,MLS,Chris Wondolowski,2019,met expectation,0.454545455,0.189873418,15,1.026694045,24,2169,33,1.45,0.417721519,79,3.46,8,14.61,0.64,Positive
(ORL),USA,MLS,Nani,2019,met expectation,0.48,0.1875,12,1.360544218,26,2464,25,0.96,0.390625,64,2.47,4,8.82,0.34,Positive
(PHI),USA,MLS,Kacper Przybylko,2019,met expectation,0.405405405,0.185185185,15,1.226492232,25,2420,37,1.45,0.456790123,81,3.18,1,12.23,0.48,Positive
(MIN),USA,MLS,Kei Kamara,2019,Not met expectation,0.318181818,0.14893617,14,0.795906765,29,2740,44,1.53,0.468085106,94,3.26,0,17.59,0.61,Negative
(CHF),USA,MLS,C.J. Sapong,2019,met expectation,0.52,0.206349206,13,1.158645276,29,2734,25,0.87,0.396825397,63,2.19,3,11.22,0.39,Positive
(CCR),USA,MLS,Gyasi Zardes,2019,Not met expectation,0.5,0.209677419,13,0.860927152,28,2657,26,0.93,0.419354839,62,2.22,0,15.1,0.54,Negative
(NYC),USA,MLS,Heber,2019,met expectation,0.576923077,0.267857143,15,1.319261214,18,1742,26,1.42,0.464285714,56,3.05,5,11.37,0.62,Positive
(HDY),USA,MLS,Mauro Manotas,2019,Not met expectation,0.448275862,0.141304348,13,0.927908637,28,2717,29,1.01,0.315217391,92,3.22,4,14.01,0.49,Negative
(COL),USA,MLS,Brian Fernandez,2019,met expectation,0.366666667,0.15942029,11,1.344743276,16,1555,30,1.83,0.434782609,69,4.22,3,8.18,0.5,Positive
(TOR),USA,MLS,Alejandro Pozuelo,2019,met expectation,0.368421053,0.166666667,14,1.428571429,32,3104,38,1.16,0.452380952,84,2.57,2,9.8,0.3,Positive
(SKC),USA,MLS,Felipe Gutierrez,2019,met expectation,0.428571429,0.184615385,12,1.265822785,31,2905,28,0.92,0.430769231,65,2.13,1,9.48,0.31,Positive
(SOU),USA,MLS,Jordan Morris,2019,met expectation,0.541666667,0.270833333,13,1.361256545,28,2521,24,0.9,0.5,48,1.81,2,9.55,0.36,Positive
(SOU),USA,MLS,Raul Ruidiaz,2019,Not met expectation,0.405405405,0.15625,15,0.979751796,24,2346,37,1.5,0.385416667,96,3.89,2,15.31,0.62,Negative
(TOR),USA,MLS,Jozy Altidore,2019,met expectation,0.48,0.235294118,12,1.380897583,18,1834,25,1.29,0.490196078,51,2.64,5,8.69,0.45,Positive
(LAF),USA,MLS,Carlos Vela,2019,met expectation,0.48,0.215568862,36,1.420118343,33,3128,75,2.28,0.449101796,167,5.07,0,25.35,0.77,Positive
(VID),USA,MLS,Nemanja Nikolic,2019,Not met expectation,0.545454545,0.25,12,0.854092527,25,2118,22,0.99,0.458333333,48,2.15,6,14.05,0.63,Negative
(NYC FC),USA,MLS,Alexandru Mitrita,2019,met expectation,0.352941176,0.125,12,1.697312588,25,2398,34,1.35,0.354166667,96,3.8,5,7.07,0.28,Positive
(ATL),Spain,La Liga,Luis Suarez,2019,met expectation,0.380952381,0.202531646,16,1.117318436,22,2126,42,1.88,0.53164557,79,3.53,6,14.32,0.64,Positive
(RMA),Spain,La Liga,Karim Benzema,2019,Not met expectation,0.355932203,0.169354839,21,0.971772328,36,3207,59,1.75,0.475806452,124,3.67,1,21.61,0.64,Negative
(ALA),Spain,La Liga,Joselu,2019,Not met expectation,0.366666667,0.126436782,11,0.832072617,31,2990,30,0.95,0.344827586,87,2.76,5,13.22,0.42,Negative
(SEV),Spain,La Liga,Carlos Fernandez,2019,Not met expectation,0.526315789,0.212765957,10,0.954198473,21,2428,19,0.74,0.404255319,47,1.84,13,10.48,0.41,Negative
(OSA),Spain,La Liga,Ante Budimir,2019,met expectation,0.590909091,0.232142857,13,1.05605199,33,2923,22,0.72,0.392857143,56,1.82,2,12.31,0.4,Positive
(SOC),Spain,La Liga,Mikel Oyarzabal,2019,met expectation,0.454545455,0.161290323,10,1.124859393,36,3247,22,0.64,0.35483871,62,1.81,1,8.89,0.26,Positive
(SOC),Spain,La Liga,Willian Jose,2019,Not met expectation,0.578947368,0.186440678,11,0.844205679,24,2171,19,0.83,0.322033898,59,2.58,13,13.03,0.57,Negative
(VIL),Spain,La Liga,Gerard Moreno,2019,met expectation,0.529411765,0.202247191,18,1.118707272,33,2831,34,1.14,0.382022472,89,2.99,2,16.09,0.54,Positive
(ALA),Spain,La Liga,Lucas Perez,2019,Not met expectation,0.611111111,0.229166667,11,0.977777778,29,2673,18,0.64,0.375,48,1.71,5,11.25,0.4,Negative
(BET),Spain,La Liga,Loren Moron,2019,met expectation,0.555555556,0.192307692,10,1.096491228,21,2222,18,0.77,0.346153846,52,2.22,15,9.12,0.39,Positive
(BIL),Spain,La Liga,Raul Garcla,2019,met expectation,0.454545455,0.185185185,15,1.174628034,33,3034,33,1.03,0.407407407,81,2.54,2,12.77,0.4,Positive
(JUV),Spain,La Liga,Morata,2019,Not met expectation,0.4,0.173913043,12,0.694846555,25,2248,30,1.27,0.434782609,69,2.92,9,17.27,0.73,Negative
(GET),Spain,La Liga,Angel Rodriguez,2019,met expectation,0.434782609,0.188679245,10,1.228501229,9,1611,23,1.36,0.433962264,53,3.13,23,8.14,0.48,Positive
(BAR),Spain,La Liga,Lionel Messi,2019,met expectation,0.367647059,0.157232704,25,1.155802127,32,3067,68,2.11,0.427672956,159,4.93,1,21.63,0.67,Positive
(RMA),Spain,La Liga,Sergio Ramos,2019,Not met expectation,0.647058824,0.282051282,11,0.991884581,35,3100,17,0.52,0.435897436,39,1.2,0,11.09,0.34,Negative
(SEV),Spain,La Liga,Lucas Ocampos,2019,met expectation,0.388888889,0.166666667,14,1.055806938,31,2929,36,1.17,0.428571429,84,2.72,2,13.26,0.43,Positive
Santi,Spain,La Liga,Cazorla,2019,met expectation,0.458333333,0.224489796,11,1.26002291,29,2513,24,0.91,0.489795918,49,1.85,6,8.73,0.33,Positive
(LEV),Spain,La Liga,Roger,2019,Not met expectation,0.458333333,0.192982456,11,0.953206239,26,2436,24,0.94,0.421052632,57,2.22,10,11.54,0.45,Negative
(GET),Spain,La Liga,Jaime Mata,2019,Not met expectation,0.47826087,0.189655172,11,0.916666667,33,2923,23,0.75,0.396551724,58,1.89,1,12.0,0.39,Negative
(CEL),Spain,La Liga,Iago Aspas,2019,Not met expectation,0.358974359,0.166666667,14,0.890585242,37,3474,39,1.07,0.464285714,84,2.3,0,15.72,0.43,Negative
(LIS),Portugal,Primeira Liga,Pote,2019,met expectation,0.692307692,0.428571429,9,3.010033445,7,631,13,1.96,0.619047619,21,3.16,0,2.99,0.45,Positive
,Portugal,Primeira Liga,Tiquinho Soares,2019,met expectation,0.476190476,0.181818182,10,1.060445387,20,1867,21,1.07,0.381818182,55,2.8,10,9.43,0.48,Positive
(FAR),Portugal,Primeira Liga,Eduardo Mancha,2019,met expectation,1.0,0.4,2,2.083333333,4,396,2,0.48,0.4,5,1.2,0,0.96,0.23,Positive
(BRA),Portugal,Primeira Liga,Paulinho,2019,met expectation,0.447368421,0.191011236,17,1.136363636,27,2451,38,1.47,0.426966292,89,3.45,2,14.96,0.58,Positive
,Portugal,Primeira Liga,Alex Telles,2019,met expectation,0.647058824,0.282051282,11,1.366459627,28,2732,17,0.59,0.435897436,39,1.36,3,8.05,0.28,Positive
(BRA),Portugal,Primeira Liga,Bruno Viana,2019,met expectation,1.0,0.285714286,2,1.526717557,8,780,2,0.24,0.285714286,7,0.85,0,1.31,0.16,Positive
(AVE),Portugal,Primeira Liga,Mehrdad Mohammadi,2019,met expectation,0.421052632,0.142857143,8,1.088435374,27,2495,19,0.72,0.339285714,56,2.13,1,7.35,0.28,Positive
(FAM),Portugal,Primeira Liga,Carlos Valenzuela,2019,met expectation,0.666666667,0.2,2,1.941747573,7,575,3,0.5,0.3,10,1.65,1,1.03,0.17,Positive
(FAM),Portugal,Primeira Liga,Ruben Lameiras,2019,met expectation,0.444444444,0.266666667,4,1.169590643,7,624,9,1.37,0.6,15,2.28,0,3.42,0.52,Positive
(POR),Portugal,Primeira Liga,Moussa Marega,2019,met expectation,0.363636364,0.206896552,12,1.648351648,27,2471,33,1.27,0.568965517,58,2.23,2,7.28,0.28,Positive
(BEN),Portugal,Primeira Liga,Gian-Luca Waldschmidt,2019,met expectation,0.666666667,0.266666667,4,1.120448179,7,605,6,0.94,0.4,15,2.36,1,3.57,0.56,Positive
(GIL),Portugal,Primeira Liga,Samuel Lino,2019,met expectation,0.6,0.1875,3,1.376146789,6,591,5,0.8,0.3125,16,2.57,1,2.18,0.35,Positive
(VGU),Portugal,Primeira Liga,Andre Andre,2019,met expectation,1.0,0.285714286,2,1.176470588,8,645,2,0.29,0.285714286,7,1.03,0,1.7,0.25,Positive
(POR),Portugal,Primeira Liga,Mehdi Taremi,2019,met expectation,0.6,0.243243243,18,1.070154578,26,2537,30,1.12,0.405405405,74,2.77,4,16.82,0.63,Positive
(TOT),Portugal,Primeira Liga,Carlos Vinicius,2019,met expectation,0.666666667,0.272727273,18,1.453957997,19,1928,27,1.33,0.409090909,66,3.25,13,12.38,0.61,Positive
(POR),Portugal,Primeira Liga,Sergio Oliveira,2019,met expectation,0.5,0.235294118,4,1.913875598,7,642,8,1.18,0.470588235,17,2.52,1,2.09,0.31,Positive
(FER),Portugal,Primeira Liga,Douglas Tanque,2019,met expectation,0.458333333,0.152777778,11,1.453104359,23,2054,24,1.11,0.333333333,72,3.33,6,7.57,0.35,Positive
,Portugal,Primeira Liga,Fabio Abreu,2019,met expectation,0.565217391,0.245283019,13,1.172227232,27,2570,23,0.85,0.433962264,53,1.96,7,11.09,0.41,Positive
(NAC),Portugal,Primeira Liga,Brayan Riascos,2019,met expectation,0.272727273,0.115384615,3,1.382488479,8,736,11,1.42,0.423076923,26,3.36,0,2.17,0.28,Positive
,Portugal,Primeira Liga,Alex Telles,2019,Not met expectation,0.4,0.222222222,2,0.847457627,3,280,5,1.7,0.555555556,9,3.05,0,2.36,0.8,Negative
,Portugal,Primeira Liga,Fabio Martins,2019,met expectation,0.333333333,0.173913043,12,1.31147541,29,2633,36,1.3,0.52173913,69,2.49,0,9.15,0.33,Positive
(BEN),Portugal,Primeira Liga,Haris  Seferovic,2019,met expectation,0.857142857,0.5,6,1.801801802,2,337,7,1.97,0.583333333,12,3.38,5,3.33,0.94,Positive
(FER),Portugal,Primeira Liga,Douglas Tanque,2019,Not met expectation,0.222222222,0.08,2,0.796812749,7,644,9,1.33,0.36,25,3.69,0,2.51,0.37,Negative
(FEY),Portugal,Primeira Liga,Joao Teixeira,2019,met expectation,0.571428571,0.235294118,8,2.234636872,14,1416,14,0.94,0.411764706,34,2.28,7,3.58,0.24,Positive
(MNU),Portugal,Primeira Liga,Bruno Fernandes,2019,met expectation,0.347826087,0.133333333,8,1.433691756,17,1656,23,1.32,0.383333333,60,3.44,0,5.58,0.32,Positive
(BOA),Portugal,Primeira Liga,Angel Gomes,2019,met expectation,1.0,0.25,3,2.678571429,6,530,3,0.54,0.25,12,2.15,0,1.12,0.2,Positive
(POR),Portugal,Primeira Liga,Toni MartÃ­nez,2019,Not met expectation,0.344827586,0.135135135,10,0.956022945,27,2312,29,1.19,0.391891892,74,3.04,5,10.46,0.43,Negative
(BEN),Portugal,Primeira Liga,Pizzi,2019,met expectation,0.461538462,0.21686747,18,1.147227533,33,2981,39,1.24,0.469879518,83,2.65,1,15.69,0.5,Positive
(MIJ),Portugal,Primeira Liga,Bozhidar Kraev,2019,met expectation,0.421052632,0.173913043,8,1.758241758,28,2399,19,0.75,0.413043478,46,1.82,4,4.55,0.18,Positive
,Portugal,Primeira Liga,Sandro Lima,2019,Not met expectation,0.322580645,0.151515152,10,0.988142292,29,2747,31,1.07,0.46969697,66,2.28,3,10.12,0.35,Negative
(MAR),Portugal,Primeira Liga,Rodrigo Pinho,2019,met expectation,0.409090909,0.1875,9,1.37195122,18,1732,22,1.21,0.458333333,48,2.63,9,6.56,0.36,Positive
(MAR),Portugal,Primeira Liga,Rodrigo Pinho,2019,met expectation,0.75,0.352941176,6,1.960784314,7,646,8,1.18,0.470588235,17,2.5,1,3.06,0.45,Positive
(SAN),Portugal,Primeira Liga,Thiago Santana,2019,met expectation,0.5,0.25,6,1.812688822,8,714,12,1.6,0.5,24,3.19,0,3.31,0.44,Positive
(BEN),Portugal,Primeira Liga,Everton,2019,met expectation,0.285714286,0.181818182,2,1.904761905,8,622,7,1.07,0.636363636,11,1.68,0,1.05,0.16,Positive
(BAR),Portugal,Primeira Liga,Trincao,2019,met expectation,0.421052632,0.170212766,8,1.739130435,17,1749,19,1.03,0.404255319,47,2.55,10,4.6,0.25,Positive
(LIS),Portugal,Primeira Liga,Andraz Sporar,2019,Not met expectation,0.285714286,0.142857143,2,0.586510264,3,356,7,1.87,0.5,14,3.74,4,3.41,0.91,Negative
(BRA),Portugal,Primeira Liga,Ricardo Horta,2019,met expectation,0.324324324,0.129032258,12,1.337792642,31,2750,37,1.28,0.397849462,93,3.21,2,8.97,0.31,Positive
(VGU),Portugal,Primeira Liga,Bruno Duarte,2019,met expectation,0.666666667,0.153846154,2,1.129943503,6,509,3,0.56,0.230769231,13,2.43,1,1.77,0.33,Positive
(LIS),Portugal,Primeira Liga,Nuno Santos,2019,met expectation,0.6,0.3,3,1.935483871,6,567,5,0.84,0.5,10,1.68,2,1.55,0.26,Positive
(VGU),Portugal,Primeira Liga,Bruno Duarte,2019,met expectation,0.5,0.19047619,8,1.454545455,18,1684,16,0.9,0.380952381,42,2.37,6,5.5,0.31,Positive
(NAP),Italy,Serie A,Arkadiusz Milik,2019,met expectation,0.379310345,0.161764706,11,1.164021164,19,1870,29,1.47,0.426470588,68,3.45,7,9.45,0.48,Positive
(INT),Italy,Serie A,Romelu Lukaku,2019,met expectation,0.489361702,0.232323232,23,1.21436114,33,3156,47,1.41,0.474747475,99,2.98,3,18.94,0.57,Positive
(Sassuolo ),Italy,Serie A,Francesco Caputo,2019,met expectation,0.6,0.287671233,21,1.519536903,33,3125,35,1.06,0.479452055,73,2.22,3,13.82,0.42,Positive
(ROM),Italy,Serie A,Edin Dzeko,2019,Not met expectation,0.347826087,0.131147541,16,0.810536981,31,3075,46,1.42,0.37704918,122,3.77,4,19.74,0.61,Negative
(NAP),Italy,Serie A,Andrea Petagna,2019,Not met expectation,0.363636364,0.109090909,12,0.873362445,33,3263,33,0.96,0.3,110,3.2,3,13.74,0.4,Negative
(JUV),Italy,Serie A,Cristiano Ronaldo,2019,met expectation,0.392405063,0.149038462,31,1.134699854,33,3127,79,2.4,0.379807692,208,6.32,0,27.32,0.83,Positive
(SAS),Italy,Serie A,Domenico Berardi,2019,met expectation,0.304347826,0.116666667,14,1.28440367,29,2654,46,1.65,0.383333333,120,4.3,2,10.9,0.39,Positive
(CAG),Italy,Serie A,Joao Pedro,2019,met expectation,0.486486486,0.206896552,18,1.292175162,35,3394,37,1.04,0.425287356,87,2.44,1,13.93,0.39,Positive
(ATA),Italy,Serie A,Josip Ilicic,2019,met expectation,0.416666667,0.185185185,15,1.533742331,21,1786,36,1.91,0.444444444,81,4.31,5,9.78,0.52,Positive
,Italy,Serie A,Andreas Cornelius,2019,met expectation,0.6,0.260869565,12,1.880877743,17,1637,20,1.16,0.434782609,46,2.67,9,6.38,0.37,Positive
(CAG),Italy,Serie A,Giovanni Simeone,2019,met expectation,0.4,0.137931034,12,1.016949153,34,3115,30,0.91,0.344827586,87,2.65,3,11.8,0.36,Positive
(LAZ),Italy,Serie A,Ciro Immobile,2019,met expectation,0.507042254,0.253521127,36,1.352874859,36,3371,71,2.0,0.5,142,4.0,1,26.61,0.75,Positive
(LEC),Italy,Serie A,Marco Mancosu,2019,Not met expectation,0.451612903,0.166666667,14,0.920447074,28,2627,31,1.12,0.369047619,84,3.04,5,15.21,0.55,Negative
(ATA),Italy,Serie A,Duvan Zapata,2019,met expectation,0.486486486,0.202247191,18,1.191264064,25,2143,37,1.64,0.415730337,89,3.95,3,15.11,0.67,Positive
(INT),Italy,Serie A,Lautaro Martrinez,2019,Not met expectation,0.318181818,0.112,14,0.972222222,29,2581,44,1.62,0.352,125,4.6,6,14.4,0.53,Negative
(ATA),Italy,Serie A,Luis Muriel,2019,met expectation,0.43902439,0.233766234,18,1.451612903,10,1370,41,2.84,0.532467532,77,5.34,23,12.4,0.86,Positive
(SAM),Italy,Serie A,Fabio Quagliarella,2019,Not met expectation,0.314285714,0.107843137,11,0.801749271,26,2413,35,1.38,0.343137255,102,4.02,2,13.72,0.54,Negative
(BEN),Italy,Serie A,Gianluca Lapadula,2019,met expectation,0.458333333,0.180327869,11,1.166489926,20,1906,24,1.2,0.393442623,61,3.04,5,9.43,0.47,Positive
(ACM),Italy,Serie A,Ante Rebic,2019,met expectation,0.55,0.261904762,11,1.605839416,15,1514,20,1.25,0.476190476,42,2.64,11,6.85,0.43,Positive
(TOR),Italy,Serie A,Andrea Belotti,2019,Not met expectation,0.390243902,0.153846154,16,0.965018094,34,3214,41,1.21,0.394230769,104,3.07,2,16.58,0.49,Negative
(DOR),Germany,Bundesliga,Jadon Sancho,2019,met expectation,0.607142857,0.326923077,17,1.734693878,25,2387,28,1.11,0.538461538,52,2.07,7,9.8,0.39,Positive
(CHE),Germany,Bundesliga,Timo Werner,2019,met expectation,0.444444444,0.227642276,28,1.346153846,33,2744,63,2.18,0.512195122,123,4.26,1,20.8,0.72,Positive
(WOB),Germany,Bundesliga,Wout Weghorst,2019,Not met expectation,0.421052632,0.188235294,16,0.8757526,30,2893,38,1.25,0.447058824,85,2.79,2,18.27,0.6,Negative
(HOF),Germany,Bundesliga,Andrej Kramaric,2019,met expectation,0.52173913,0.279069767,12,1.286173633,14,1502,23,1.45,0.534883721,43,2.72,5,9.33,0.59,Positive
(DOR),Germany,Bundesliga,Marco Reus,2019,met expectation,0.458333333,0.234042553,11,1.288056206,18,1561,24,1.46,0.510638298,47,2.86,1,8.54,0.52,Positive
(CHE),Germany,Bundesliga,Kai Havertz,2019,met expectation,0.461538462,0.203389831,12,1.259181532,29,2586,26,0.96,0.440677966,59,2.17,1,9.53,0.35,Positive
(BMG),Germany,Bundesliga,Marcus Thuram,2019,Not met expectation,0.277777778,0.178571429,10,0.985221675,28,2296,36,1.49,0.642857143,56,2.32,3,10.15,0.42,Negative
(DUS),Germany,Bundesliga,Rouwen Hennings,2019,met expectation,0.555555556,0.205479452,15,1.374885426,27,2592,27,0.99,0.369863014,73,2.68,5,10.91,0.4,Positive
(BAY),Germany,Bundesliga,Robert Lewandowski,2019,met expectation,0.507462687,0.246376812,34,1.095008052,31,2783,67,2.29,0.485507246,138,4.71,0,31.05,1.06,Positive
(FRA),Germany,Bundesliga,Andre Silva,2019,met expectation,0.571428571,0.218181818,12,1.121495327,16,1694,21,1.18,0.381818182,55,3.08,9,10.7,0.6,Positive
(FCA),Germany,Bundesliga,Florian Niederlechner,2019,Not met expectation,0.325,0.166666667,13,0.986342944,31,2846,40,1.34,0.512820513,78,2.6,2,13.18,0.44,Negative
(DOR),Germany,Bundesliga,Erling Haaland,2019,met expectation,0.631578947,0.352941176,12,1.570680628,11,1116,19,1.62,0.558823529,34,2.89,4,7.64,0.65,Positive
(BSC),Germany,Bundesliga,Jhon Cordoba,2019,met expectation,0.52,0.213114754,13,1.463963964,23,2108,25,1.13,0.409836066,61,2.75,6,8.88,0.4,Positive
(MON),Germany,Bundesliga,Kevin Volland,2019,Not met expectation,0.3125,0.128205128,10,0.86281277,24,2159,32,1.41,0.41025641,78,3.43,3,11.59,0.51,Negative
(SCF),Germany,Bundesliga,Nils Petersen,2019,met expectation,0.578947368,0.2,11,1.298701299,24,2595,19,0.7,0.345454545,55,2.01,10,8.47,0.31,Positive
(BMG),Germany,Bundesliga,Lars Stindl,2019,met expectation,0.6,0.272727273,9,1.251738526,14,1518,15,0.94,0.454545455,33,2.07,11,7.19,0.45,Positive
(MAI),Germany,Bundesliga,Robin Quaison,2019,met expectation,0.464285714,0.183098592,13,1.081530782,31,2718,28,0.98,0.394366197,71,2.48,1,12.02,0.42,Positive
(BAY),Germany,Bundesliga,Serge Gnabry,2019,Not met expectation,0.3,0.126315789,12,0.902255639,26,2216,40,1.71,0.421052632,95,4.07,5,13.3,0.57,Negative
(KOL),Germany,Bundesliga,Sebastian Andersson,2019,Not met expectation,0.324324324,0.184615385,12,0.881057269,31,2813,37,1.25,0.569230769,65,2.2,2,13.62,0.46,Negative
(BMG),Germany,Bundesliga,Alassane Plea,2019,Not met expectation,0.285714286,0.12987013,10,0.860585198,25,2252,35,1.48,0.454545455,77,3.25,2,11.62,0.49,Negative
(PSG),France,France Ligue 7,Neymar,2019,Not met expectation,0.333333333,0.169014085,12,0.756143667,15,1396,36,2.45,0.507042254,71,4.83,0,15.87,1.08,Negative
(MAR),France,France Ligue 13,Dimitri Payet,2019,met expectation,0.346153846,0.142857143,9,1.538461538,22,2057,26,1.2,0.412698413,63,2.91,0,5.85,0.27,Positive
(PSG),France,France Ligue 6,Mauro Icardi,2019,Not met expectation,0.6,0.333333333,12,0.990916598,14,1353,20,1.4,0.555555556,36,2.53,6,12.11,0.85,Negative
(LYO),France,France Ligue 15,Memphis Depay,2019,met expectation,0.428571429,0.1875,9,1.986754967,12,1077,21,1.85,0.4375,48,4.23,1,4.53,0.4,Positive
(NIC),France,France Ligue 9,Kasper Dolberg,2019,met expectation,0.44,0.261904762,11,1.415701416,22,1994,25,1.19,0.595238095,42,2.0,1,7.77,0.37,Positive
(REN),France,France Ligue 11,M'Baye Niang,2019,met expectation,0.333333333,0.151515152,10,1.226993865,24,2276,30,1.25,0.454545455,66,2.75,2,8.15,0.34,Positive
(STR),France,France Ligue 20,Adrien Thomasson,2019,met expectation,0.388888889,0.14,7,1.333333333,24,2168,18,0.79,0.36,50,2.19,1,5.25,0.23,Positive
(MPE),France,France Ligue 12,Andy Delort,2019,Not met expectation,0.310344828,0.107142857,9,0.825688073,26,2409,29,1.14,0.345238095,84,3.31,0,10.9,0.43,Negative
(MAR),France,France Ligue 8,Dario Benedetto,2019,met expectation,0.407407407,0.180327869,11,1.241534989,25,2214,27,1.16,0.442622951,61,2.62,1,8.86,0.38,Positive
(MON),France,France Ligue 2,Wissam Ben Yedder,2019,met expectation,0.5,0.28125,18,1.38996139,25,2321,36,1.47,0.5625,64,2.62,1,12.95,0.53,Positive
(STR),France,France Ligue 19,Ludovic Ajorque,2019,met expectation,0.363636364,0.16,8,1.212121212,24,2163,22,0.97,0.44,50,2.2,2,6.6,0.29,Positive
(LEI),France,France Ligue 14,Islam Slimani,2019,met expectation,0.45,0.169811321,9,1.034482759,14,1378,20,1.38,0.377358491,53,3.65,4,8.7,0.6,Positive
(REN),France,France Ligue 17,Adrien Hunou,2019,met expectation,0.533333333,0.285714286,8,1.103448276,13,1325,15,1.08,0.535714286,28,2.01,10,7.25,0.52,Positive
(STE),France,France Ligue 10,Denis Bouanga,2019,met expectation,0.27027027,0.128205128,10,1.066098081,23,2173,37,1.62,0.474358974,78,3.41,3,9.38,0.41,Positive
(REN),France,France Ligue 16,Sehrou Guirassy,2019,met expectation,0.473684211,0.2,9,1.052631579,23,2030,19,0.89,0.422222222,45,2.11,0,8.55,0.4,Positive
(PSG),France,France Ligue 18,Ãngel Di Maria,2019,Not met expectation,0.333333333,0.108108108,8,0.801603206,23,2106,24,1.08,0.324324324,74,3.34,3,9.98,0.45,Negative
(LYO),France,France Ligue 3,Moussa Dembele,2019,met expectation,0.615384615,0.285714286,16,1.401050788,24,2358,26,1.05,0.464285714,56,2.26,3,11.42,0.46,Positive
(STR),France,France Ligue 5,Habib Diallo,2019,met expectation,0.352941176,0.144578313,12,1.314348302,26,2344,34,1.38,0.409638554,83,3.36,0,9.13,0.37,Positive
(PSG),France,France Ligue 1,Kylian Mbappe-Lottin,2019,met expectation,0.367346939,0.206896552,18,1.001112347,17,1611,49,2.89,0.563218391,87,5.13,3,17.98,1.06,Positive
(NAP),France,France Ligue 4,Victor Osimhen,2019,Not met expectation,0.371428571,0.151162791,13,0.874831763,25,2434,35,1.37,0.406976744,86,3.36,2,14.86,0.58,Negative
(EVE),England,Premier League,Dominic Calvert-Lewin,2019,Not met expectation,0.342105263,0.152941176,13,0.802964793,30,2849,38,1.27,0.447058824,85,2.83,6,16.19,0.54,Negative
(WOL),England,Premier League,Raul Jimenez,2019,Not met expectation,0.395348837,0.144067797,17,0.9194159,37,3445,43,1.19,0.36440678,118,3.25,1,18.49,0.51,Negative
(MNC),England,Premier League,Kevin De Bruyne,2019,met expectation,0.419354839,0.131313131,13,1.800554017,32,2984,31,0.99,0.313131313,99,3.15,3,7.22,0.23,Positive
(LEI),England,Premier League,Jamie Vardy,2019,met expectation,0.547619048,0.258426966,23,1.192946058,34,3271,42,1.22,0.471910112,89,2.58,1,19.28,0.56,Positive
(MNC),England,Premier League,Raheem Sterling,2019,Not met expectation,0.526315789,0.202020202,20,0.985221675,30,2836,38,1.27,0.383838384,99,3.32,3,20.3,0.68,Negative
(LIV),England,Premier League,Sadio Mane,2019,met expectation,0.5,0.233766234,18,1.240523777,31,2933,36,1.17,0.467532468,77,2.49,4,14.51,0.47,Positive
(BUR),England,Premier League,Chris Wood,2019,Not met expectation,0.482758621,0.215384615,14,0.820152314,29,2616,29,1.05,0.446153846,65,2.36,3,17.07,0.62,Negative
(MNU),England,Premier League,Anthony Martial,2019,met expectation,0.435897436,0.2125,17,1.448040886,31,2788,39,1.33,0.4875,80,2.73,1,11.74,0.4,Positive
(MNC),England,Premier League,Riyad Mahrez,2019,met expectation,0.35483871,0.148648649,11,1.443569554,21,2130,31,1.38,0.418918919,74,3.3,12,7.62,0.34,Positive
(TOT),England,Premier League,Son Heung-Min,2019,met expectation,0.289473684,0.135802469,11,1.189189189,28,2663,38,1.36,0.469135802,81,2.89,2,9.25,0.33,Positive
(MNU),England,Premier League,Marcus Rashford,2019,Not met expectation,0.386363636,0.178947368,17,0.852985449,31,2826,44,1.48,0.463157895,95,3.19,0,19.93,0.67,Negative
(LIV),England,Premier League,Mohamed Salah,2019,Not met expectation,0.322033898,0.143939394,19,0.926377377,33,3045,59,1.84,0.446969697,132,4.12,1,20.51,0.64,Negative
(MNC),England,Premier League,Gabriel Jesus,2019,Not met expectation,0.304347826,0.138613861,14,0.676655389,21,2209,46,1.98,0.455445545,101,4.34,13,20.69,0.89,Negative
(SOU),England,Premier League,Danny Ings,2019,met expectation,0.594594595,0.23655914,22,1.310303752,32,3009,37,1.17,0.397849462,93,2.94,6,16.79,0.53,Positive
(ARS),England,Premier League,Pierre-Emerick Aubameyang,2019,met expectation,0.523809524,0.23655914,22,1.369010579,35,3392,42,1.18,0.451612903,93,2.6,1,16.07,0.45,Positive
(TOT),England,Premier League,Harry Kane,2019,met expectation,0.486486486,0.222222222,18,1.387818042,29,2801,37,1.25,0.456790123,81,2.75,0,12.97,0.44,Positive
(EVE),England,Premier League,Richarlison,2019,met expectation,0.40625,0.144444444,13,1.211556384,36,3289,32,0.92,0.355555556,90,2.6,0,10.73,0.31,Positive
(NOR),England,Premier League,Teemu Pukki,2019,Not met expectation,0.314285714,0.1375,11,0.967458223,33,3087,35,1.08,0.4375,80,2.46,3,11.37,0.35,Negative
(CHE),England,Premier League,Tammy Abraham,2019,Not met expectation,0.428571429,0.170454545,15,0.777604977,25,2380,35,1.4,0.397727273,88,3.51,9,19.29,0.77,Negative
(MNC),England,Premier League,Sergio Aguero,2019,met expectation,0.592592593,0.210526316,16,1.032258065,18,1566,27,1.64,0.355263158,76,4.61,6,15.5,0.94,Positive
,Brazil,Campeonato Brasileiro SÃ©rie A,Dudu,2019,Not met expectation,0.236842105,0.094736842,9,0.955414013,34,3313,38,1.09,0.4,95,2.72,2,9.42,0.27,Negative
(INT),Brazil,Campeonato Brasileiro SÃ©rie A,Thiago Galhardo,2019,Not met expectation,0.375,0.15,12,0.836236934,31,2901,32,1.05,0.4,80,2.62,3,14.35,0.47,Negative
(INT),Brazil,Campeonato Brasileiro SÃ©rie A,Paolo Guerrero,2019,Not met expectation,0.303030303,0.12345679,10,0.921658986,23,2193,33,1.43,0.407407407,81,3.51,1,10.85,0.47,Negative
(GRE),Brazil,Campeonato Brasileiro SÃ©rie A,Pepe,2019,Not met expectation,0.5,0.173913043,8,0.91954023,14,1836,16,0.83,0.347826087,46,2.38,18,8.7,0.45,Negative
Bruno,Brazil,Campeonato Brasileiro SÃ©rie A,Henrique,2019,met expectation,0.454545455,0.172413793,10,2.012072435,33,3149,22,0.66,0.379310345,58,1.75,1,4.97,0.15,Positive
(FLA),Brazil,Campeonato Brasileiro SÃ©rie A,Giorgian de Arrascaeta,2019,met expectation,0.631578947,0.255319149,12,1.284796574,22,1929,19,0.94,0.404255319,47,2.31,1,9.34,0.46,Positive
(SAN),Brazil,Campeonato Brasileiro SÃ©rie A,Marinho,2019,met expectation,0.307692308,0.109589041,8,1.201201201,18,1917,26,1.29,0.356164384,73,3.62,11,6.66,0.33,Positive
(BEN),Brazil,Campeonato Brasileiro SÃ©rie A,Everton,2019,met expectation,0.34375,0.13253012,11,1.195652174,23,2498,32,1.22,0.385542169,83,3.16,7,9.2,0.35,Positive
(BAH),Brazil,Campeonato Brasileiro SÃ©rie A,Gilberto,2019,Not met expectation,0.451612903,0.175,14,0.878293601,27,2524,31,1.17,0.3875,80,3.01,5,15.94,0.6,Negative
(FLA),Brazil,Campeonato Brasileiro SÃ©rie A,Michael,2019,met expectation,0.3125,0.125,10,1.067235859,35,3180,32,0.96,0.4,80,2.39,0,9.37,0.28,Positive
(SAN),Brazil,Campeonato Brasileiro SÃ©rie A,Carlos Sanchez,2019,met expectation,0.413793103,0.141176471,12,1.000834028,27,2648,29,1.04,0.341176471,85,3.05,7,11.99,0.43,Positive
,Brazil,Campeonato Brasileiro SÃ©rie A,Everaldo,2019,met expectation,0.358974359,0.120689655,14,1.055011304,33,3233,39,1.15,0.336206897,116,3.41,0,13.27,0.39,Positive
(RBB),Brazil,Campeonato Brasileiro SÃ©rie A,Artur,2019,met expectation,0.368421053,0.109375,7,1.211072664,32,3049,19,0.59,0.296875,64,1.99,0,5.78,0.18,Positive
(FLA),Brazil,Campeonato Brasileiro SÃ©rie A,Gabriel Barbosa,2019,met expectation,0.403225806,0.213675214,25,1.016673444,29,2716,62,2.17,0.52991453,117,4.09,0,24.59,0.86,Positive
(FOR),Brazil,Campeonato Brasileiro SÃ©rie A,Wellington Paulista,2019,Not met expectation,0.448275862,0.196969697,13,0.950987564,28,2650,29,1.04,0.439393939,66,2.37,3,13.67,0.49,Negative
(FLA),Brazil,Campeonato Brasileiro SÃ©rie A,Bruno Henrique,2019,Not met expectation,0.456521739,0.214285714,21,0.995732575,29,2822,46,1.55,0.469387755,98,3.3,4,21.09,0.71,Negative
(chongqing dangdai lifan f.c),Brazil,Campeonato Brasileiro SÃ©rie A,Marcelo  Cirino,2019,Not met expectation,0.529411765,0.176470588,9,0.964630225,19,2062,17,0.78,0.333333333,51,2.35,10,9.33,0.43,Negative
(SAN),Brazil,Campeonato Brasileiro SÃ©rie A,Yeferson Soteldo,2019,met expectation,0.346153846,0.132352941,9,1.022727273,31,2883,26,0.86,0.382352941,68,2.24,1,8.8,0.29,Positive
(CAM),Brazil,Campeonato Brasileiro SÃ©rie A,Eduardo Sasha,2019,Not met expectation,0.388888889,0.181818182,14,0.995732575,34,3181,36,1.08,0.467532468,77,2.3,3,14.06,0.42,Negative
(GOI),Brazil,Campeonato Brasileiro SÃ©rie A,Rafael Moura,2019,met expectation,0.642857143,0.1875,9,1.094890511,19,1661,14,0.8,0.291666667,48,2.75,4,8.22,0.47,Positive
(AJA), Netherlands,Eredivisie,Antony None,2019,met expectation,0.5,0.2,4,2.45398773,8,575,8,1.32,0.4,20,3.3,1,1.63,0.27,Positive
(AJA), Netherlands,Eredivisie,Quincy Promes,2019,met expectation,0.4,0.181818182,4,1.379310345,4,574,10,1.66,0.454545455,22,3.64,6,2.9,0.48,Positive
(AJA), Netherlands,Eredivisie,Dusan Tadic,2019,met expectation,0.538461538,0.35,7,1.650943396,9,719,13,1.72,0.65,20,2.64,1,4.24,0.56,Positive
(VIT), Netherlands,Eredivisie,Armando Broja,2019,met expectation,0.833333333,0.416666667,5,1.984126984,6,569,6,1.0,0.5,12,2.0,4,2.52,0.42,Positive
(FEY), Netherlands,Eredivisie,Steven Berghuis,2019,met expectation,0.428571429,0.230769231,9,1.02622577,10,896,21,2.23,0.538461538,39,4.14,0,8.77,0.93,Positive
(EMM), Netherlands,Eredivisie,Michael de Leeuw,2019,met expectation,0.714285714,0.333333333,5,1.730103806,8,723,7,0.92,0.466666667,15,1.97,0,2.89,0.38,Positive
(VIT), Netherlands,Eredivisie,Lois Openda,2019,met expectation,0.555555556,0.178571429,5,1.700680272,10,775,9,1.1,0.321428571,28,3.43,0,2.94,0.36,Positive
(TWE), Netherlands,Eredivisie,Danilo Nome,2019,met expectation,0.5625,0.290322581,9,1.276595745,10,827,16,1.84,0.516129032,31,3.56,0,7.05,0.81,Positive
(SPR), Netherlands,Eredivisie,Lennart Thy,2019,met expectation,0.545454545,0.3,6,1.372997712,10,768,11,1.36,0.55,20,2.47,0,4.37,0.54,Positive
(PSV), Netherlands,Eredivisie,Donyell Malen,2019,Not met expectation,0.352941176,0.1875,6,0.981996727,7,725,17,2.23,0.53125,32,4.19,3,6.11,0.8,Negative
(PSV), Netherlands,Eredivisie,Noni Madueke,2019,met expectation,0.571428571,0.235294118,4,1.393728223,3,524,7,1.27,0.411764706,17,3.08,7,2.87,0.52,Positive
(AJA), Netherlands,Eredivisie,Davy Klaassen,2019,met expectation,0.625,0.384615385,5,1.243781095,6,490,8,1.55,0.615384615,13,2.52,0,4.02,0.78,Positive
(VIT), Netherlands,Eredivisie,Oussama Tannane,2019,met expectation,0.444444444,0.1,4,1.509433962,8,680,9,1.26,0.225,40,5.59,0,2.65,0.37,Positive
(TWE), Netherlands,Eredivisie,Vaclav Cerny,2019,met expectation,0.333333333,0.19047619,4,2.877697842,10,824,12,1.38,0.571428571,21,2.42,0,1.39,0.16,Positive
(WIL), Netherlands,Eredivisie,Vangelis Pavlidis,2019,met expectation,0.266666667,0.153846154,4,1.413427562,10,927,15,1.54,0.576923077,26,2.66,0,2.83,0.29,Positive
(HEE), Netherlands,Eredivisie,Henk Veerman,2019,met expectation,0.571428571,0.25,8,1.801801802,10,916,14,1.45,0.4375,32,3.32,0,4.44,0.46,Positive
(SPR), Netherlands,Eredivisie,Abdou Harroui,2019,met expectation,0.307692308,0.166666667,4,2.07253886,10,834,13,1.48,0.541666667,24,2.73,0,1.93,0.22,Positive
(HER), Netherlands,Eredivisie,Rai Vloet,2019,met expectation,0.777777778,0.333333333,7,1.559020045,10,853,9,1.0,0.428571429,21,2.34,0,4.49,0.5,Positive
(AJA), Netherlands,Eredivisie,Lassina Traore,2019,met expectation,0.875,0.388888889,7,1.662707838,6,506,8,1.5,0.444444444,18,3.38,4,4.21,0.79,Positive
(VVV), Netherlands,Eredivisie,Georgios Giakoumakis,2019,met expectation,0.642857143,0.257142857,9,1.251738526,10,911,14,1.46,0.4,35,3.65,0,7.19,0.75,Positive
(TOR),USA,MLS,Alex Pozuelo,2020,met expectation,0.36,0.157894737,9,1.086956522,24,2247,25,1.06,0.438596491,57,2.41,0,8.28,0.35,Positive
(MIN),USA,MLS,Kevin Molino,2020,met expectation,0.55,0.255813953,11,1.740506329,16,1430,20,1.33,0.465116279,43,2.86,3,6.32,0.42,Positive
(RSL),USA,MLS,Damir Kreilach,2020,met expectation,0.421052632,0.166666667,8,1.309328969,20,1872,19,0.96,0.395833333,48,2.44,1,6.11,0.31,Positive
(LAF),USA,MLS,Bradley Wright-Phillips,2020,met expectation,0.533333333,0.242424242,8,1.358234295,15,1190,15,1.2,0.454545455,33,2.63,4,5.89,0.47,Positive
(LAF),USA,MLS,Diego Rossi,2020,met expectation,0.411764706,0.197183099,14,1.181434599,19,1816,34,1.78,0.478873239,71,3.71,0,11.85,0.62,Positive
(SOU),USA,MLS,Nicolas Lodeiro,2020,met expectation,0.421052632,0.186046512,8,1.257861635,21,2014,19,0.9,0.441860465,43,2.03,0,6.36,0.3,Positive
(SOU),USA,MLS,Raul Ruidiaz,2020,met expectation,0.583333333,0.24137931,14,1.635514019,18,1626,24,1.4,0.413793103,58,3.39,0,8.56,0.5,Positive
(ORL),USA,MLS,Daryl Dike,2020,met expectation,0.615384615,0.242424242,8,2.139037433,17,1482,13,0.83,0.393939394,33,2.12,2,3.74,0.24,Positive
(CCR),USA,MLS,Gyasi Zardes,2020,met expectation,0.56,0.28,14,1.1676397,22,2034,25,1.17,0.5,50,2.34,1,11.99,0.56,Positive
(LAG),USA,MLS,Cristian Pavon,2020,met expectation,0.4,0.158730159,10,1.669449082,22,2106,25,1.13,0.396825397,63,2.84,0,5.99,0.27,Positive
(ORL),USA,MLS,Chris Mueller,2020,met expectation,0.5,0.263157895,10,1.666666667,19,1726,20,1.1,0.526315789,38,2.09,5,6.0,0.33,Positive
(MON),USA,MLS,Romell Quioto,2020,met expectation,0.391304348,0.166666667,9,1.546391753,18,1676,23,1.3,0.425925926,54,3.06,2,5.82,0.33,Positive
(SOU),USA,MLS,Jordan Morris,2020,met expectation,0.578947368,0.255813953,11,1.322115385,19,1927,19,0.94,0.441860465,43,2.12,4,8.32,0.41,Positive
(PHI),USA,MLS,Kacper Przybylko,2020,Not met expectation,0.296296296,0.142857143,8,0.926998841,24,2216,27,1.16,0.482142857,56,2.4,0,8.63,0.37,Negative
(NER),USA,MLS,Gustavo Bou,2020,met expectation,0.285714286,0.098765432,8,1.176470588,17,1701,28,1.56,0.345679012,81,4.52,4,6.8,0.38,Positive
(CHF),USA,MLS,Robert Beric,2020,met expectation,0.464285714,0.209677419,13,1.301301301,22,2063,28,1.29,0.451612903,62,2.86,1,9.99,0.46,Positive
(TOR),USA,MLS,Ayo Akinola,2020,met expectation,0.473684211,0.243243243,9,1.232876712,11,1195,19,1.51,0.513513514,37,2.94,5,7.3,0.58,Positive
(POR),USA,MLS,Jeremy Ebobisse,2020,met expectation,0.533333333,0.242424242,8,2.203856749,11,1189,15,1.2,0.454545455,33,2.64,8,3.63,0.29,Positive
(POR),USA,MLS,Diego Valeri,2020,met expectation,0.470588235,0.181818182,8,1.509433962,19,1864,17,0.87,0.386363636,44,2.24,4,5.3,0.27,Positive
(SJE),USA,MLS,Chris Wondolowski,2020,met expectation,0.4,0.228571429,8,1.094391245,14,1509,20,1.26,0.571428571,35,2.2,9,7.31,0.46,Positive
(SEV),Spain,La Liga,Youssef   En-Nesyri,2020,met expectation,1.0,0.285714286,4,1.201201201,5,465,4,0.82,0.285714286,14,2.86,4,3.33,0.68,Positive
(SOC),Spain,La Liga,Portu,2020,met expectation,1.0,0.666666667,4,2.614379085,6,691,4,0.55,0.666666667,6,0.82,5,1.53,0.21,Positive
(RMA),Spain,La Liga,Karim Benzema,2020,Not met expectation,0.333333333,0.148148148,4,0.814663951,8,741,12,1.54,0.444444444,27,3.46,0,4.91,0.63,Negative
(VAL),Spain,La Liga,Carlos Soler,2020,met expectation,0.8,0.5,4,1.19760479,6,599,5,0.79,0.625,8,1.27,1,3.34,0.53,Positive
(BET),Spain,La Liga,Cristian Tello,2020,met expectation,0.5,0.181818182,4,2.083333333,7,629,8,1.21,0.363636364,22,3.32,4,1.92,0.29,Positive
(SOC),Spain,La Liga,Mikel Oyarzabal,2020,met expectation,0.4375,0.225806452,7,1.026392962,9,736,16,2.07,0.516129032,31,4.0,2,6.82,0.88,Positive
(EIB),Spain,La Liga,Esteban Burgos,2020,met expectation,0.75,0.6,3,1.052631579,6,589,4,0.65,0.8,5,0.81,1,2.85,0.46,Positive
(ALA),Spain,La Liga,Lucas Perez,2020,Not met expectation,0.5,0.230769231,3,0.688073394,7,637,6,0.89,0.461538462,13,1.94,2,4.36,0.65,Negative
(BAR),Spain,La Liga,Lionel Messi,2020,Not met expectation,0.210526316,0.102564103,4,0.732600733,8,824,19,2.19,0.487179487,39,4.5,1,5.46,0.63,Negative
(ATL),Spain,La Liga,Joao Felix,2020,met expectation,0.833333333,0.238095238,5,1.298701299,6,641,6,0.89,0.285714286,21,3.11,3,3.85,0.57,Positive
(ATL),Spain,La Liga,Luis Suarez,2020,met expectation,0.625,0.227272727,5,1.515151515,5,387,8,1.96,0.363636364,22,5.4,1,3.3,0.81,Positive
(VIL),Spain,La Liga,Paco Alcacer,2020,Not met expectation,0.625,0.3125,5,0.978473581,9,693,8,1.1,0.5,16,2.19,0,5.11,0.7,Negative
(LEV),Spain,La Liga,Morales,2020,met expectation,0.5,0.235294118,4,1.47601476,10,758,8,1.0,0.470588235,17,2.13,0,2.71,0.34,Positive
(RMA),Spain,La Liga,Federico Valverde,2020,met expectation,0.6,0.333333333,3,2.654867257,6,566,5,0.84,0.555555556,9,1.51,2,1.13,0.19,Positive
(BAR),Spain,La Liga,Antoine Griezmann,2020,Not met expectation,0.375,0.166666667,3,0.817438692,8,634,8,1.2,0.444444444,18,2.7,1,3.67,0.55,Negative
(CEL),Spain,La Liga,Iago Aspas,2020,met expectation,0.416666667,0.238095238,5,1.022494888,11,1056,12,1.08,0.571428571,21,1.89,0,4.89,0.44,Positive
(EIB),Spain,La Liga,Kike GarcIa,2020,met expectation,0.375,0.157894737,3,1.060070671,9,790,8,0.96,0.421052632,19,2.28,1,2.83,0.34,Positive
(GET),Spain,La Liga,Angel Rodriguez,2020,met expectation,0.571428571,0.285714286,4,1.941747573,3,501,7,1.33,0.5,14,2.65,6,2.06,0.39,Positive
(BAR),Spain,La Liga,Ansu Fati,2020,met expectation,0.571428571,0.285714286,4,2.222222222,6,451,7,1.47,0.5,14,2.95,1,1.8,0.38,Positive
(VIL),Spain,La Liga,Gerard Moreno,2020,Not met expectation,0.545454545,0.206896552,6,0.9375,9,822,11,1.27,0.379310345,29,3.35,0,6.4,0.74,Negative
(BOL),Italy,Serie A,Roberto Soriano,2020,met expectation,0.714285714,0.277777778,5,2.074688797,9,849,7,0.78,0.388888889,18,2.01,0,2.41,0.27,Positive
(SAS),Italy,Serie A,Francesco Caputo,2020,met expectation,0.555555556,0.277777778,5,1.420454545,6,567,9,1.51,0.5,18,3.02,0,3.52,0.59,Positive
(CAG),Italy,Serie A,Joao Pedro,2020,met expectation,0.6,0.285714286,6,1.759530792,9,831,10,1.14,0.476190476,21,2.4,0,3.41,0.39,Positive
(ATA),Italy,Serie A,Alejandro Gomez,2020,met expectation,0.363636364,0.142857143,4,1.793721973,9,643,11,1.63,0.392857143,28,4.14,0,2.23,0.33,Positive
(TOR),Italy,Serie A,Andrea Belotti,2020,met expectation,0.636363636,0.291666667,7,2.005730659,8,754,11,1.39,0.458333333,24,3.02,0,3.49,0.44,Positive
(FIO),Italy,Serie A,Gaetano Castrovilli,2020,met expectation,0.571428571,0.363636364,4,2.797202797,9,755,7,0.88,0.636363636,11,1.38,0,1.43,0.18,Positive
(CAG),Italy,Serie A,Giovanni Simeone,2020,met expectation,1.0,0.333333333,5,1.519756839,8,664,5,0.72,0.333333333,15,2.15,0,3.29,0.47,Positive
(SAS),Italy,Serie A,Domenico Berardi,2020,met expectation,0.363636364,0.19047619,4,1.98019802,8,766,11,1.36,0.523809524,21,2.6,0,2.02,0.25,Positive
(ROM),Italy,Serie A,Henrikh Mkhitaryan,2020,Not met expectation,0.357142857,0.166666667,5,0.859106529,9,825,14,1.61,0.466666667,30,3.45,0,5.82,0.67,Negative
(ROM),Italy,Serie A,Jordan Veretout,2020,met expectation,0.571428571,0.222222222,4,1.149425287,9,769,7,0.86,0.388888889,18,2.22,0,3.48,0.43,Positive
(PAR),Italy,Serie A,Gervinho,2020,met expectation,0.8,0.307692308,4,2.030456853,8,669,5,0.71,0.384615385,13,1.85,0,1.97,0.28,Positive
(INT),Italy,Serie A,Lautaro MartInez,2020,met expectation,0.454545455,0.172413793,5,2.127659574,7,656,11,1.59,0.379310345,29,4.2,2,2.35,0.34,Positive
(ATA),Italy,Serie A,Luis Muriel,2020,met expectation,0.571428571,0.2,4,1.438848921,3,264,7,2.52,0.35,20,7.2,4,2.78,1.0,Positive
(JUV),Italy,Serie A,Cristiano Ronaldo,2020,met expectation,0.615384615,0.307692308,8,1.506591337,5,397,13,3.11,0.5,26,6.22,1,5.31,1.27,Positive
(INT),Italy,Serie A,Romelu Lukaku,2020,Not met expectation,0.7,0.318181818,7,0.962861073,6,580,10,1.64,0.454545455,22,3.6,2,7.27,1.19,Negative
(NAP),Italy,Serie A,Dries Mertens,2020,met expectation,0.363636364,0.166666667,4,1.62601626,9,616,11,1.7,0.458333333,24,3.7,0,2.46,0.38,Positive
(LAZ),Italy,Serie A,Ciro Immobile,2020,met expectation,0.625,0.227272727,5,1.340482574,6,571,8,1.33,0.363636364,22,3.66,1,3.73,0.62,Positive
(SAM),Italy,Serie A,Fabio Quagliarella,2020,met expectation,0.555555556,0.217391304,5,1.121076233,8,694,9,1.23,0.391304348,23,3.15,1,4.46,0.61,Positive
(ACM),Italy,Serie A,Zlatan Ibrahimovic,2020,met expectation,0.625,0.285714286,10,1.262626263,6,557,16,2.73,0.457142857,35,5.97,0,7.92,1.35,Positive
(NAP),Italy,Serie A,Hirving Lozano,2020,met expectation,0.363636364,0.222222222,4,1.365187713,9,568,11,1.84,0.611111111,18,3.01,0,2.93,0.49,Positive
(LEV),Germany,Bundesliga,Lucas Alario,2020,met expectation,0.636363636,0.35,7,2.280130293,6,561,11,1.86,0.55,20,3.39,1,3.07,0.52,Positive
(FRA),Germany,Bundesliga,Bas Dost,2020,Not met expectation,0.375,0.214285714,3,0.925925926,8,732,8,1.04,0.571428571,14,1.82,1,3.24,0.42,Negative
(BAY),Germany,Bundesliga,Serge Gnabry,2020,met expectation,0.444444444,0.222222222,4,2.53164557,7,626,9,1.37,0.5,18,2.73,1,1.58,0.24,Positive
(WOB),Germany,Bundesliga,Wout Weghorst,2020,met expectation,0.428571429,0.24,6,1.077199282,8,778,14,1.71,0.56,25,3.05,1,5.57,0.68,Positive
(RBL),Germany,Bundesliga,Dani Olmo,2020,met expectation,0.5,0.210526316,4,1.754385965,9,834,8,0.91,0.421052632,19,2.16,0,2.28,0.26,Positive
(KOL),Germany,Bundesliga,Ellyes Skhiri,2020,met expectation,1.0,0.5,3,1.604278075,8,709,3,0.4,0.5,6,0.8,0,1.87,0.25,Positive
(BAY),Germany,Bundesliga,Thomas Muller,2020,met expectation,0.8,0.307692308,4,1.25,9,822,5,0.58,0.384615385,13,1.5,0,3.2,0.37,Positive
(UNB),Germany,Bundesliga,Max Kruse,2020,met expectation,0.6,0.461538462,6,1.351351351,7,669,10,1.42,0.769230769,13,1.85,2,4.44,0.63,Positive
(FRA),Germany,Bundesliga,Andre Silva,2020,Not met expectation,0.4375,0.189189189,7,0.942126514,9,802,16,1.9,0.432432432,37,4.38,0,7.43,0.88,Negative
(FCA),Germany,Bundesliga,Andre Hahn,2020,met expectation,0.5,0.25,3,2.083333333,7,547,6,1.04,0.5,12,2.08,2,1.44,0.25,Positive
(MAI),Germany,Bundesliga,Jean-Philippe Mateta,2020,met expectation,0.583333333,0.304347826,7,1.164725458,9,723,12,1.58,0.52173913,23,3.02,0,6.01,0.79,Positive
(HOF),Germany,Bundesliga,Andrej Kramaric,2020,met expectation,0.5,0.304347826,7,1.518438178,5,481,14,2.77,0.608695652,23,4.54,0,4.61,0.91,Positive
(SVW),Germany,Bundesliga,Niclas Fullkrug,2020,met expectation,0.571428571,0.307692308,4,1.324503311,4,293,7,2.27,0.538461538,13,4.22,1,3.02,0.98,Positive
(BMG),Germany,Bundesliga,Lars Stindl,2020,met expectation,0.444444444,0.210526316,4,1.136363636,7,567,9,1.51,0.473684211,19,3.18,2,3.52,0.59,Positive
(FCA),Germany,Bundesliga,Daniel Caligiuri,2020,met expectation,0.6,0.272727273,3,3.75,9,841,5,0.56,0.454545455,11,1.24,0,0.8,0.09,Positive
(DOR),Germany,Bundesliga,Erling Haaland,2020,met expectation,0.714285714,0.333333333,10,1.479289941,7,683,14,1.95,0.466666667,30,4.17,1,6.76,0.94,Positive
(BSC),Germany,Bundesliga,Jhon Cordoba,2020,met expectation,0.6,0.166666667,3,1.34529148,5,493,5,0.96,0.277777778,18,3.47,2,2.23,0.43,Positive
(SCF),Germany,Bundesliga,Nils Petersen,2020,met expectation,0.571428571,0.266666667,4,1.895734597,6,608,7,1.09,0.466666667,15,2.34,3,2.11,0.33,Positive
(BSC),Germany,Bundesliga,Matheus Cunha,2020,met expectation,0.4,0.230769231,6,1.749271137,9,857,15,1.66,0.576923077,26,2.88,0,3.43,0.38,Positive
(BAY),Germany,Bundesliga,Robert Lewandowski,2020,met expectation,0.705882353,0.342857143,12,1.542416452,7,672,17,2.4,0.485714286,35,4.95,1,7.78,1.1,Positive
(NAN),France,France Ligue 18,Ludovic Blas,2020,met expectation,0.571428571,0.210526316,4,2.127659574,11,990,7,0.67,0.368421053,19,1.82,1,1.88,0.18,Positive
(ANG),France,France Ligue 12,Stephane Bahoken,2020,met expectation,0.357142857,0.166666667,5,1.416430595,8,644,14,2.07,0.466666667,30,4.43,2,3.53,0.52,Positive
(LYO),France,France Ligue 9,Karl Toko,2020,Not met expectation,0.416666667,0.185185185,5,0.850340136,9,822,12,1.39,0.444444444,27,3.12,1,5.88,0.68,Negative
(MON),France,France Ligue 10,Kevin Volland,2020,met expectation,0.454545455,0.416666667,5,1.457725948,9,709,11,1.47,0.916666667,12,1.61,1,3.43,0.46,Positive
(MPE),France,France Ligue 3,Andy Delort,2020,met expectation,0.428571429,0.193548387,6,1.435406699,11,902,14,1.47,0.451612903,31,3.26,0,4.18,0.44,Positive
(LIL),France,France Ligue 4,Burak Yilmaz,2020,met expectation,0.352941176,0.214285714,6,1.315789474,10,903,17,1.79,0.607142857,28,2.95,1,4.56,0.48,Positive
(MET),France,France Ligue 5,Ibrahima Niane,2020,met expectation,0.666666667,0.285714286,6,1.739130435,6,482,9,1.77,0.428571429,21,4.14,0,3.45,0.68,Positive
(REI),France,France Ligue 2,Boulaye Dia,2020,met expectation,0.666666667,0.32,8,1.515151515,9,772,12,1.48,0.48,25,3.08,1,5.28,0.65,Positive
(PSG),France,France Ligue 20,Moise Kean,2020,met expectation,0.8,0.285714286,4,1.25,6,454,5,1.05,0.357142857,14,2.93,0,3.2,0.67,Positive
(LEN),France,France Ligue 15,Ignatius Ganago,2020,met expectation,0.571428571,0.285714286,4,1.201201201,6,452,7,1.47,0.5,14,2.94,3,3.33,0.7,Positive
(BRE),France,France Ligue 8,Irvin Cardona,2020,met expectation,0.625,0.238095238,5,1.84501845,6,627,8,1.21,0.380952381,21,3.18,5,2.71,0.41,Positive
(MON),France,France Ligue 6,Wissam Ben,2020,met expectation,0.75,0.2,6,1.045296167,10,879,8,0.86,0.266666667,30,3.24,1,5.74,0.62,Positive
(MAR),France,France Ligue 14,Florian Thauvin,2020,met expectation,0.5,0.19047619,4,1.337792642,10,835,8,0.91,0.380952381,21,2.39,0,2.99,0.34,Positive
(NIC),France,France Ligue 13,Amine Gouiri,2020,met expectation,0.4,0.153846154,4,1.201201201,9,903,10,1.05,0.384615385,26,2.74,2,3.33,0.35,Positive
(LIL),France,France Ligue 16,Jonathan Bamba,2020,met expectation,0.444444444,0.16,4,2.380952381,11,1061,9,0.81,0.36,25,2.24,1,1.68,0.15,Positive
(STR),France,France Ligue 17,Ludovic Ajorque,2020,met expectation,0.5,0.235294118,4,1.108033241,11,1008,8,0.75,0.470588235,17,1.6,0,3.61,0.34,Positive
(PSG),France,France Ligue 1,Kylian Mbappe-Lottin,2020,met expectation,0.45,0.272727273,9,1.321585903,7,610,20,3.11,0.606060606,33,5.14,1,6.81,1.06,Positive
(DIJ),France,France Ligue 19,Mama Balde,2020,Not met expectation,0.4,0.133333333,4,0.997506234,8,669,10,1.42,0.333333333,30,4.26,0,4.01,0.57,Negative
(LYO),France,France Ligue 11,Memphis Depay,2020,met expectation,0.5,0.166666667,5,1.052631579,9,903,10,1.05,0.333333333,30,3.16,3,4.75,0.5,Positive
(LEN),France,France Ligue 7,Gael Kakuta,2020,met expectation,0.833333333,0.277777778,5,1.207729469,10,786,6,0.73,0.333333333,18,2.18,1,4.14,0.5,Positive
(SOU),England,Premier League,James Ward-Prowse,2020,met expectation,0.571428571,0.4,4,5.633802817,10,960,7,0.69,0.7,10,0.99,0,0.71,0.07,Positive
(MNU),England,Premier League,Bruno Fernandes,2020,met expectation,0.5,0.233333333,7,1.28440367,9,809,14,1.64,0.466666667,30,3.52,0,5.45,0.64,Positive
(EVE),England,Premier League,Dominic Calvert-Lewin,2020,met expectation,0.555555556,0.3125,10,1.404494382,10,940,18,1.82,0.5625,32,3.23,0,7.12,0.72,Positive
(CHE),England,Premier League,Timo Werner,2020,met expectation,0.4,0.173913043,4,1.08401084,10,876,10,1.08,0.434782609,23,2.49,0,3.69,0.4,Positive
(NEW),England,Premier League,Callum Wilson,2020,met expectation,0.875,0.388888889,7,1.076923077,9,835,8,0.91,0.444444444,18,2.05,0,6.5,0.74,Positive
(LIV),England,Premier League,Diogo Jota,2020,met expectation,0.454545455,0.25,5,1.992031873,5,530,11,1.97,0.55,20,3.58,3,2.51,0.45,Positive
(CRY),England,Premier League,Wilfried Zaha,2020,met expectation,0.714285714,0.277777778,5,1.149425287,8,779,7,0.85,0.388888889,18,2.2,0,4.35,0.53,Positive
(AVL),England,Premier League,Jack Grealish,2020,met expectation,0.555555556,0.192307692,5,1.754385965,9,872,9,0.98,0.346153846,26,2.83,0,2.85,0.31,Positive
(WOL),England,Premier League,Raul Jimenez,2020,met expectation,0.4,0.153846154,4,1.212121212,10,872,10,1.09,0.384615385,26,2.83,0,3.3,0.36,Positive
(WHU),England,Premier League,Jarrod Bowen,2020,met expectation,0.8,0.181818182,4,1.360544218,10,845,5,0.56,0.227272727,22,2.47,0,2.94,0.33,Positive
(LEE),England,Premier League,Patrick Bamford,2020,Not met expectation,0.411764706,0.175,7,0.961538462,10,898,17,1.8,0.425,40,4.23,0,7.28,0.77,Negative
(LIV),England,Premier League,Mohamed Salah,2020,met expectation,0.533333333,0.228571429,8,1.307189542,9,831,15,1.71,0.428571429,35,4.0,0,6.12,0.7,Positive
(LEI),England,Premier League,Jamie Vardy,2020,Not met expectation,0.533333333,0.380952381,8,0.91954023,8,780,15,1.83,0.714285714,21,2.56,1,8.7,1.06,Negative
(TOT),England,Premier League,Harry Kane,2020,met expectation,0.466666667,0.179487179,7,1.054216867,10,956,15,1.49,0.384615385,39,3.88,0,6.64,0.66,Positive
,England,Premier League,Danny Ings,2020,met expectation,0.555555556,0.333333333,5,1.937984496,7,662,9,1.29,0.6,15,2.15,0,2.58,0.37,Positive
(BHA),England,Premier League,Neal Maupay,2020,Not met expectation,0.363636364,0.16,4,0.611620795,9,786,11,1.33,0.44,25,3.02,0,6.54,0.79,Negative
(AVL),England,Premier League,Ollie Watkins,2020,Not met expectation,0.666666667,0.272727273,6,0.933125972,9,872,9,0.98,0.409090909,22,2.4,0,6.43,0.7,Negative
(LIV),England,Premier League,Sadio Mane,2020,Not met expectation,0.307692308,0.148148148,4,0.819672131,8,785,13,1.57,0.481481481,27,3.27,1,4.88,0.59,Negative
(MNC),England,Premier League,Riyad Mahrez,2020,met expectation,0.4,0.19047619,4,2.07253886,7,612,10,1.55,0.476190476,21,3.26,0,1.93,0.3,Positive
(TOT),England,Premier League,Son Heung-Min,2020,met expectation,0.75,0.45,9,2.307692308,10,861,12,1.32,0.6,20,2.21,0,3.9,0.43,Positive
(SAP),Brazil,Campeonato Brasileiro SÃ©rie A,Luciano,2020,met expectation,0.647058824,0.297297297,11,1.827242525,16,1588,17,1.02,0.459459459,37,2.21,3,6.02,0.36,Positive
(CEA),Brazil,Campeonato Brasileiro SÃ©rie A,Vinicius,2020,met expectation,0.291666667,0.137254902,7,1.333333333,16,1348,24,1.69,0.470588235,51,3.59,1,5.25,0.37,Positive
(SAN),Brazil,Campeonato Brasileiro SÃ©rie A,Marinho,2020,met expectation,0.5,0.224137931,13,1.728723404,17,1662,26,1.49,0.448275862,58,3.32,2,7.52,0.43,Positive
(PAL),Brazil,Campeonato Brasileiro SÃ©rie A,Raphael Veiga,2020,met expectation,0.545454545,0.222222222,6,1.78041543,10,914,11,1.14,0.407407407,27,2.81,4,3.37,0.35,Positive
(PAL),Brazil,Campeonato Brasileiro SÃ©rie A,Luiz Adriano,2020,met expectation,0.538461538,0.333333333,7,1.121794872,14,1235,13,1.0,0.619047619,21,1.62,3,6.24,0.48,Positive
(CEA),Brazil,Campeonato Brasileiro SÃ©rie A,Cleber,2020,Not met expectation,0.384615385,0.12195122,5,0.740740741,17,1336,13,0.92,0.317073171,41,2.92,3,6.75,0.48,Negative
(VDG),Brazil,Campeonato Brasileiro SÃ©rie A,German Cano,2020,Not met expectation,0.454545455,0.27027027,10,0.997008973,19,1733,22,1.21,0.594594595,37,2.03,0,10.03,0.55,Negative
(GRE),Brazil,Campeonato Brasileiro SÃ©rie A,Pepe,2020,met expectation,0.538461538,0.21875,7,1.286764706,15,1397,13,0.88,0.40625,32,2.18,3,5.44,0.37,Positive
(SAP),Brazil,Campeonato Brasileiro SÃ©rie A,Brenner None,2020,Not met expectation,0.428571429,0.166666667,6,0.8,9,1063,14,1.25,0.388888889,36,3.22,6,7.5,0.67,Negative
(BOT),Brazil,Campeonato Brasileiro SÃ©rie A,Matheus Babi,2020,met expectation,0.428571429,0.1875,6,1.01010101,17,1709,14,0.78,0.4375,32,1.78,3,5.94,0.33,Positive
(FLU),Brazil,Campeonato Brasileiro SÃ©rie A,Nene,2020,met expectation,0.538461538,0.2,7,1.598173516,18,1434,13,0.86,0.371428571,35,2.32,0,4.38,0.29,Positive
(FLA),Brazil,Campeonato Brasileiro SÃ©rie A,Bruno Henrique,2020,Not met expectation,0.277777778,0.111111111,5,0.560538117,15,1412,18,1.21,0.4,45,3.03,1,8.92,0.6,Negative
(INT),Brazil,Campeonato Brasileiro SÃ©rie A,Thiago Galhardo,2020,met expectation,0.555555556,0.283018868,15,1.2,16,1605,27,1.6,0.509433962,53,3.14,5,12.5,0.74,Positive
(CAM),Brazil,Campeonato Brasileiro SÃ©rie A,Keno,2020,Not met expectation,0.322580645,0.138888889,10,0.88028169,19,1829,31,1.61,0.430555556,72,3.74,3,11.36,0.59,Negative
(RBB),Brazil,Campeonato Brasileiro SÃ©rie A,Alerrandro,2020,Not met expectation,0.454545455,0.208333333,5,0.823723229,10,861,11,1.21,0.458333333,24,2.65,2,6.07,0.67,Negative
(FOR),Brazil,Campeonato Brasileiro SÃ©rie A,Wellington Paulista,2020,met expectation,0.5,0.25,6,1.123595506,13,1208,12,0.94,0.5,24,1.89,8,5.34,0.42,Positive
(RBB),Brazil,Campeonato Brasileiro SÃ©rie A,Claudinho,2020,met expectation,0.526315789,0.188679245,10,2.386634845,19,1657,19,1.09,0.358490566,53,3.04,1,4.19,0.24,Positive
(CFC),Brazil,Campeonato Brasileiro SÃ©rie A,Robson,2020,Not met expectation,0.352941176,0.113207547,6,0.700934579,22,1937,17,0.83,0.320754717,53,2.6,0,8.56,0.42,Negative
(FLA),Brazil,Campeonato Brasileiro SÃ©rie A,Pedro,2020,Not met expectation,0.4,0.217391304,10,0.959692898,12,1207,25,1.97,0.543478261,46,3.62,6,10.42,0.82,Negative
(CAP),Brazil,Campeonato Brasileiro SÃ©rie A,Renato Kayzer,2020,Not met expectation,0.333333333,0.152173913,7,0.92226614,17,1639,21,1.22,0.456521739,46,2.67,1,7.59,0.44,Negative
(MNU), Netherlands,Eredivisie,Donny van de Beek,2020,met expectation,0.5,0.181818182,8,1.632653061,22,2023,16,0.75,0.363636364,44,2.07,1,4.9,0.23,Positive
(AZA), Netherlands,Eredivisie,Teun Koopmeiners,2020,met expectation,0.611111111,0.314285714,11,1.177730193,25,2336,18,0.73,0.514285714,35,1.42,0,9.34,0.38,Positive
Aitor, Netherlands,Eredivisie,Cantalapiedra,2020,Not met expectation,0.304347826,0.120689655,7,0.76419214,21,1933,23,1.13,0.396551724,58,2.85,0,9.16,0.45,Negative
(FEY), Netherlands,Eredivisie,Bryan Linssen,2020,met expectation,0.358974359,0.152173913,14,1.684717208,25,2256,39,1.64,0.423913043,92,3.87,0,8.31,0.35,Positive
Tim, Netherlands,Eredivisie,Matavz,2020,met expectation,0.428571429,0.218181818,12,1.321585903,24,2157,28,1.23,0.509090909,55,2.42,1,9.08,0.4,Positive
(SEV), Netherlands,Eredivisie,Oussama Idrissi,2020,met expectation,0.382352941,0.194029851,13,1.828410689,25,2047,34,1.58,0.507462687,67,3.11,0,7.11,0.33,Positive
(AJA), Netherlands,Eredivisie,Dusan Tadic,2020,Not met expectation,0.423076923,0.174603175,11,0.972590628,25,2287,26,1.08,0.412698413,63,2.62,0,11.31,0.47,Negative
(FEY), Netherlands,Eredivisie,Steven Berghuis,2020,met expectation,0.340909091,0.168539326,15,1.122754491,24,2226,44,1.88,0.494382022,89,3.8,0,13.36,0.57,Positive
(CSK), Netherlands,Eredivisie,Chidera Ejuke,2020,met expectation,0.36,0.15,9,1.374045802,24,2147,25,1.11,0.416666667,60,2.65,1,6.55,0.29,Positive
(AZA), Netherlands,Eredivisie,Myron Boadu,2020,met expectation,0.466666667,0.233333333,14,1.055806938,24,2099,30,1.36,0.5,60,2.72,0,13.26,0.6,Positive
(AJA), Netherlands,Eredivisie,Klaas-Jan Huntelaar,2020,met expectation,0.529411765,0.28125,9,1.302460203,6,938,17,1.72,0.53125,32,3.24,12,6.91,0.7,Positive
(WIL), Netherlands,Eredivisie,Vangelis Pavlidis,2020,Not met expectation,0.35483871,0.157142857,11,0.870253165,25,2265,31,1.3,0.442857143,70,2.94,0,12.64,0.53,Negative
(EMM), Netherlands,Eredivisie,Michael de Leeuw,2020,met expectation,0.391304348,0.176470588,9,1.086956522,26,2383,23,0.92,0.450980392,51,2.03,0,8.28,0.33,Positive
(PSV), Netherlands,Eredivisie,Donyell Malen,2020,met expectation,0.34375,0.186440678,11,1.234567901,14,1245,32,2.44,0.542372881,59,4.5,0,8.91,0.68,Positive
(RZA), Netherlands,Eredivisie,Haris Vuckic,2020,met expectation,0.647058824,0.289473684,11,1.833333333,23,2194,17,0.74,0.447368421,38,1.65,2,6.0,0.26,Positive
(UTR), Netherlands,Eredivisie,Gyrano Kerk,2020,met expectation,0.555555556,0.2,10,1.335113485,24,2155,18,0.79,0.36,50,2.2,0,7.49,0.33,Positive
(AJA), Netherlands,Eredivisie,Quincy Promes,2020,met expectation,0.4,0.214285714,12,1.228249744,18,1573,30,1.81,0.535714286,56,3.38,2,9.77,0.59,Positive
(PSV), Netherlands,Eredivisie,Denzel Dumfries,2020,met expectation,0.5,0.155555556,7,1.223776224,25,2363,14,0.56,0.311111111,45,1.81,0,5.72,0.23,Positive
, Netherlands,Eredivisie,Cyriel Dessers,2020,met expectation,0.348837209,0.178571429,15,1.033769814,26,2461,43,1.66,0.511904762,84,3.24,0,14.51,0.56,Positive
(PSV), Netherlands,Eredivisie,Cody Gakpo,2020,met expectation,0.466666667,0.184210526,7,1.58013544,14,1557,15,0.92,0.394736842,38,2.32,11,4.43,0.27,Positive
